# Blender 4.3.2
# www.blender.org
o model
v -0.412717 0.396681 0.034519
v -0.431533 0.425551 0.149454
v -0.403899 0.372478 0.146080
v -0.421982 0.342421 0.165484
v -0.512880 0.413713 0.040911
v -0.524296 0.497475 0.058679
v -0.442516 0.347325 0.127787
v -0.305757 0.649784 0.185496
v -0.364845 0.773870 0.175600
v -0.277456 0.608981 0.012370
v -0.274563 0.530415 -0.022587
v -0.324152 0.381137 0.034110
v -0.246439 0.778251 -0.043266
v -0.243995 0.828608 0.200265
v -0.210671 0.531103 -0.104024
v -0.302860 0.275618 0.053413
v -0.097808 0.606021 -0.151314
v -0.275038 0.279739 -0.015820
v -0.083697 0.530899 -0.163127
v -0.321822 0.928646 0.028263
v -0.081873 0.379883 0.363861
v -0.090743 0.483996 0.420642
v -0.091971 0.643794 0.413076
v 0.047793 0.599617 0.423463
v 0.046037 0.533591 0.428481
v 0.054759 0.527092 0.409123
v 0.058248 0.552372 0.407815
v 0.058248 0.551068 0.407815
v 0.058248 0.548024 0.407815
v 0.058248 0.549111 0.407815
v -0.049040 0.531043 0.427548
v -0.049367 0.595494 0.426003
v 0.058248 0.552590 0.407815
v 0.058248 0.551176 0.407815
v 0.058248 0.549220 0.407815
v 0.058248 0.547915 0.407815
v 0.063090 0.522812 0.418843
v 0.056569 0.602441 0.406624
v 0.061590 0.606989 0.415862
v -0.058187 0.529400 0.414400
v -0.234438 0.255928 -0.026812
v -0.166424 0.249015 -0.042118
v -0.027514 0.494772 -0.133750
v 0.189871 0.381395 0.369158
v 0.171249 0.381025 -0.102679
v 0.185323 0.424403 0.306106
v -0.073769 0.254472 0.201960
v 0.201199 0.562373 0.353570
v 0.201416 0.562917 0.354222
v 0.155680 0.817432 0.398039
v 0.300559 0.379205 0.146514
v -0.440522 1.064347 0.089853
v -0.398781 1.103316 -0.182409
v -0.071898 0.998059 -0.247294
v 0.256654 0.829427 0.193883
v 0.348944 0.570768 0.179662
v -0.357896 1.121225 0.189674
v 0.323922 0.554369 0.220172
v 0.326109 0.531093 0.260440
v 0.318114 0.511380 0.264965
v 0.297890 0.608707 0.193538
v 0.377339 0.594881 0.197159
v 0.328325 0.449536 0.202880
v 0.310932 0.445169 0.194850
v 0.309411 0.534475 0.195870
v 0.240329 0.922385 0.310312
v 0.076405 1.120024 -0.398304
v -0.132268 1.130359 -0.389633
v 0.056491 1.296219 -0.402707
v -0.123327 1.083666 0.434108
v -0.412203 1.401384 -0.277161
v -0.100789 1.297318 -0.397611
v 0.400370 1.046490 -0.032541
v 0.174879 1.123613 -0.371732
v -0.375078 1.294170 0.233079
v 0.237532 0.967156 -0.111648
v 0.222177 1.024492 0.347507
v -0.449282 1.470602 -0.125906
v 0.098964 1.011323 0.369971
v 0.306190 0.926855 -0.016562
v 0.105200 1.100556 0.448761
v 0.169649 1.297821 -0.377802
v 0.457579 1.085769 0.128492
v 0.144017 1.443045 -0.533751
v -0.215956 1.195545 0.424650
v -0.124631 1.326639 0.446801
v -0.170101 1.354972 0.427028
v -0.143131 1.346009 0.462641
v -0.219744 1.333218 0.409384
v -0.153682 1.194539 0.455551
v -0.107836 1.282221 0.477606
v -0.197709 1.279227 0.455271
v -0.508061 0.420617 0.136429
v -0.205656 1.351750 0.433386
v -0.102607 1.255738 0.458764
v -0.244415 1.320009 0.416451
v -0.243793 1.257842 0.409583
v 0.505894 1.154262 0.060657
v -0.348223 1.495179 -0.430981
v 0.322427 1.057889 0.146831
v 0.484363 1.141680 0.223602
v 0.483914 1.303799 0.037270
v -0.104220 1.634402 0.431951
v -0.119489 1.751143 -0.096389
v 0.033137 1.567809 0.359006
v 0.032920 1.567809 0.359006
v 0.033246 1.567809 0.359767
v 0.254428 1.315954 0.413909
v 0.245586 1.283078 0.382547
v 0.225576 1.325792 0.403517
v 0.196715 1.346946 0.417834
v 0.230353 1.211432 0.416570
v -0.491635 0.519125 -0.008846
v 0.231435 1.291948 0.417902
v 0.186833 1.204576 0.452628
v 0.158950 1.316415 0.459037
v 0.237127 1.208135 0.386533
v -0.491915 0.378959 0.042810
v 0.252004 1.206899 0.405557
v 0.063547 1.490210 0.528750
v 0.106488 1.744024 0.220902
v 0.171048 1.601777 -0.432547
v 0.358326 1.605224 0.070896
v 0.420022 1.517599 -0.276175
v 0.204070 1.603312 0.405662
v 0.379058 1.218294 0.108214
v 0.388668 1.254462 0.158588
v 0.362569 1.309110 0.271489
v 0.330689 1.330720 0.325726
v 0.243673 1.359698 0.496986
v 0.207084 1.443822 0.538744
v 0.161006 1.438197 0.528823
v 0.313095 1.276302 0.456084
v -0.498960 0.527190 0.136294
v 0.248419 1.429820 0.527624
v 0.318628 1.335136 0.496631
v 0.149729 1.441410 0.518479
v 0.283744 1.381703 0.367693
v 0.189409 1.465959 0.400400
v -0.483414 0.375672 0.091631
v 0.385446 1.157193 0.386215
v -0.505964 0.411869 0.003023
v 0.003500 1.526283 0.545037
v 0.058881 1.535333 0.558708
v 0.257438 1.634964 0.288205
v 0.390180 1.578171 -0.146839
v 0.318491 1.610703 -0.287117
v 0.305917 1.649358 -0.148776
v 0.326335 1.606583 0.207099
v 0.173660 1.731500 0.149443
v 0.238530 1.700387 0.067472
v -0.514097 0.417120 0.096442
v 0.319494 1.539698 0.331039
v 0.366182 1.143086 0.105946
v 0.335482 1.341643 0.483150
v 0.380670 1.162598 0.110057
v 0.376871 1.261358 0.452516
v 0.119030 1.750483 -0.106981
v 0.335086 1.327509 0.313783
v 0.137808 1.509848 0.547456
v 0.446459 1.473284 -0.253703
v 0.044059 1.664272 -0.373725
v 0.376647 1.290928 0.220497
v 0.314798 1.347893 0.338351
v 0.314798 1.347676 0.337699
v 0.117367 1.529741 0.378382
v 0.315559 1.346480 0.336938
v 0.314037 1.346915 0.338786
v 0.331280 1.280998 0.334050
v 0.247960 1.507944 -0.498771
v 0.454035 1.135074 0.372232
v 0.215280 1.448616 0.387387
v 0.399928 1.471871 -0.380647
v 0.394985 1.107410 0.352792
v 0.343140 1.502851 -0.433507
v -0.483841 0.437958 -0.019565
v 0.065926 1.557607 0.363592
v 0.018724 1.570089 0.361393
v 0.013646 1.782351 0.024446
v 0.446464 1.474479 -0.073888
v 0.185545 1.476277 0.387052
v 0.185545 1.476277 0.386182
v 0.184675 1.476494 0.387161
v 0.166733 1.491116 0.388727
v -0.031661 1.566287 -0.507813
v 0.141417 1.519691 -0.527797
v 0.348382 1.107474 0.115283
v 0.208858 1.354448 0.434611
v 0.185980 1.475299 0.387270
v 0.404475 1.135961 0.227065
v 0.032159 1.567156 0.359332
v -0.037478 1.567103 0.359809
v 0.440696 1.462294 0.046662
v 0.318116 1.161430 0.335228
v 0.100658 1.280528 0.455630
v -0.218286 1.589010 -0.425186
v 0.333099 1.090357 0.218079
v 0.369053 1.202293 0.245220
v -0.074453 1.486428 0.530008
v -0.033075 1.750952 -0.172847
v 0.109137 1.213761 0.453895
v -0.107334 1.542614 0.367792
v 0.003704 1.516167 0.517045
v -0.463405 0.602744 0.023225
v 0.448412 1.103317 0.360950
v -0.467038 0.608282 0.080243
v -0.071384 1.755346 0.200000
v -0.195109 1.508087 -0.522235
v 0.438245 1.412586 0.197785
v 0.406461 1.136441 0.292587
v 0.201025 1.173887 0.412977
v -0.142940 1.447070 0.528018
v -0.083678 1.715902 0.310977
v -0.148548 1.677645 -0.306982
v 0.075365 1.663807 0.403466
v 0.129569 1.342795 0.432277
v 0.330654 1.471689 -0.456613
v 0.125786 1.332363 0.470312
v 0.174787 1.422648 0.431075
v -0.002305 1.556384 0.557699
v -0.024512 1.500896 -0.554960
v 0.184034 1.163378 0.441493
v 0.024041 1.464911 0.448152
v 0.430113 1.409479 -0.054208
v -0.492056 0.431393 0.186829
v 0.144110 1.172167 0.435585
v -0.475597 0.352385 0.100669
v -0.146528 1.515778 0.377530
v 0.101070 1.481730 -0.551789
v 0.249283 1.471701 -0.510019
v 0.409379 1.402161 -0.293448
v -0.177357 1.481301 0.390364
v -0.182055 1.723795 0.159741
v 0.401650 1.341182 -0.174243
v 0.120306 1.195961 0.468452
v -0.232120 1.436503 0.384033
v -0.178218 1.483384 0.391112
v 0.324000 1.048731 0.257888
v 0.297705 1.033550 0.151220
v -0.187539 1.476168 0.386291
v -0.187648 1.476168 0.386291
v -0.187865 1.476168 0.386943
v -0.186887 1.476712 0.387161
v -0.121236 1.510744 0.555162
v 0.280220 1.044529 0.159185
v 0.281775 1.086875 0.320468
v 0.398571 1.045444 0.290853
v 0.324972 1.395751 -0.409369
v -0.487718 0.363895 0.148118
v -0.180824 1.411590 0.433813
v -0.329915 1.602652 -0.289105
v 0.104301 1.252413 0.479426
v -0.240000 1.476995 -0.512364
v -0.026175 1.437406 -0.546138
v -0.291140 1.663910 -0.118076
v -0.404765 1.474660 -0.371854
v -0.156701 1.467612 -0.539667
v 0.372980 1.324992 -0.224764
v 0.303517 1.034706 0.232199
v -0.314908 1.473680 -0.470131
v -0.248340 1.401755 0.524151
v -0.115477 1.197471 0.447357
v 0.292977 1.306261 -0.307896
v 0.208719 1.115907 0.409218
v -0.035445 1.400040 0.476181
v -0.113495 1.214968 0.475782
v -0.191683 1.623664 0.390893
v -0.443633 1.471843 -0.275049
v 0.256580 1.041299 0.256614
v -0.301858 1.617283 0.242706
v -0.295474 1.656172 0.114378
v -0.446715 0.599964 0.136824
v -0.142118 1.174163 0.459599
v -0.265287 1.339088 0.487887
v -0.458810 0.529367 0.187001
v -0.025494 1.192053 0.492038
v -0.222451 1.450967 0.535264
v -0.407785 1.539516 -0.256545
v 0.292327 1.044222 0.240843
v -0.179468 1.166031 0.423565
v -0.289209 1.377058 0.363672
v -0.143353 1.418016 -0.515146
v 0.337956 0.982927 0.111418
v -0.231133 1.196679 0.392955
v -0.252320 1.278989 0.378642
v -0.290297 1.420229 -0.459381
v 0.329586 1.133848 -0.287055
v 0.400088 1.139026 -0.217318
v 0.307963 0.957277 0.067737
v 0.286613 0.980364 -0.019955
v 0.315097 0.981143 0.064682
v 0.337988 0.996493 0.213879
v -0.288325 1.253983 0.390182
v -0.385166 1.407925 -0.355501
v -0.291245 1.562046 0.352996
v -0.262593 1.234424 0.401860
v -0.339660 1.326335 0.308788
v -0.477562 0.612729 0.133137
v -0.362024 1.205501 0.415678
v -0.358903 1.293105 0.471320
v -0.379065 1.588838 -0.005034
v 0.314153 0.998701 0.204860
v 0.171634 1.033171 0.363817
v -0.473352 0.358838 0.130415
v -0.386023 1.520889 0.202733
v 0.182680 1.016512 0.314562
v -0.222667 1.173697 0.424377
v -0.402676 1.169479 0.403110
v -0.421053 1.193901 0.409826
v 0.468126 1.136921 -0.083952
v 0.030678 1.053972 0.434353
v -0.301405 1.372122 0.507700
v 0.217762 0.982609 -0.113875
v 0.257242 0.941665 -0.065119
v -0.364733 1.229120 0.278121
v -0.467923 0.365590 0.187627
v 0.302288 0.954070 0.195292
v -0.388178 1.257095 0.160948
v -0.438580 1.467543 0.050322
v -0.236163 1.302684 -0.347424
v -0.470695 0.345216 0.065785
v 0.133415 0.998846 0.416858
v -0.386792 1.387697 0.350870
v -0.426509 0.510420 -0.018636
v 0.252358 1.021511 0.329965
v 0.274345 0.974685 0.292512
v 0.267940 1.132119 -0.332192
v 0.076497 0.993530 0.343819
v -0.087627 1.012993 0.377627
v -0.453332 1.111770 0.367265
v -0.430468 1.413225 -0.053986
v 0.318799 0.935352 0.181099
v -0.478280 1.338524 0.051463
v 0.318165 0.898036 -0.005247
v 0.334245 0.927570 0.093683
v -0.385468 1.202527 0.106781
v -0.023503 1.137983 -0.407296
v -0.367471 1.138614 0.110582
v -0.407533 1.180955 0.267889
v -0.298297 1.145455 0.352481
v -0.398213 1.120694 0.362097
v 0.167446 0.968663 -0.177872
v 0.303339 0.881034 -0.013904
v 0.188044 0.991999 0.395225
v 0.323668 1.057122 -0.207905
v -0.012656 0.988226 0.348291
v -0.328207 1.312379 -0.276560
v -0.398354 1.341792 -0.182822
v 0.083170 0.980075 -0.188599
v 0.204096 0.926364 -0.138755
v -0.459625 1.353574 0.172013
v -0.107792 0.999054 0.339377
v -0.221320 1.054652 0.350474
v 0.264247 0.905088 -0.097684
v -0.415555 0.583726 0.154849
v -0.326491 1.095004 0.258632
v 0.379868 0.819230 0.072200
v 0.414193 0.392989 0.183298
v 0.357679 0.395624 0.202233
v 0.403022 0.403665 0.212578
v 0.383152 0.399565 0.147029
v 0.363664 0.465074 0.212715
v 0.471813 0.351188 0.054049
v 0.496964 0.385327 0.040637
v 0.513350 0.415193 0.043947
v 0.469664 0.357763 0.004122
v 0.482359 0.364845 0.093079
v 0.426987 0.340211 0.141342
v 0.466313 0.352480 0.129460
v 0.438100 0.345324 0.176862
v 0.492916 0.370365 0.153646
v 0.478868 0.383162 0.186358
v 0.428115 0.352044 0.022537
v 0.505714 0.410520 0.137053
v 0.442773 0.378283 0.192481
v 0.500883 0.381076 0.083862
v 0.435755 0.354840 0.047145
v 0.452939 0.354687 0.090855
v 0.421898 0.356550 0.124263
v 0.432715 0.368354 -0.012696
v 0.400048 0.377109 0.156410
v 0.522520 0.441345 0.095644
v 0.407746 0.376146 0.028765
v 0.518433 0.473914 0.016623
v 0.491419 0.469913 0.182218
v 0.449787 0.396084 0.089504
v 0.492383 0.415883 -0.015219
v 0.423871 0.380137 0.064742
v 0.427224 0.430159 0.163192
v 0.426180 0.436263 0.176773
v 0.425193 0.474192 0.202458
v 0.418301 0.395754 0.000601
v 0.460224 0.497802 0.197927
v 0.509856 0.510273 0.120223
v 0.482837 0.490865 -0.018080
v 0.440378 0.424179 0.031971
v 0.508366 0.519964 0.014071
v 0.341109 0.416828 0.160052
v 0.343396 0.446211 0.198864
v 0.461007 0.562265 0.164504
v 0.468556 0.605635 0.035380
v -0.476058 0.357895 0.025686
v 0.449689 0.411750 0.115422
v 0.451334 0.592669 0.004192
v -0.443030 0.427688 -0.001105
v -0.496921 0.624757 0.082719
v 0.477629 0.618699 -0.028013
v 0.425920 0.522034 -0.019224
v 0.471837 0.596268 0.108506
v 0.445503 0.427798 -0.007308
v -0.439469 0.476136 0.199884
v 0.502854 0.667907 0.055266
v 0.410096 0.448128 0.122605
v 0.494751 0.614830 0.051836
v 0.394615 0.501168 0.002873
v 0.454100 0.606665 0.115141
v 0.401924 0.578080 0.156301
v 0.391866 0.551121 0.000316
v 0.443945 0.577677 -0.021774
v 0.440464 0.600638 0.133655
v 0.439377 0.600856 0.134090
v 0.493480 0.670020 0.117973
v 0.438725 0.600095 0.135286
v 0.440246 0.600856 0.134525
v 0.468617 0.611472 0.148130
v -0.428039 0.574472 -0.007038
v 0.372204 0.486836 0.105676
v 0.484749 0.672472 0.002228
v -0.378485 0.545146 0.169800
v 0.400771 0.581338 0.179799
v 0.433797 0.606087 -0.065425
v 0.369894 0.546400 -0.043412
v 0.365464 0.551041 0.137996
v 0.464556 0.655722 0.177119
v 0.329847 0.750436 -0.054155
v 0.353383 0.829481 0.135366
v 0.328273 0.828033 -0.010880
v 0.441041 0.635487 0.195580
v 0.454495 0.645801 -0.051521
v 0.360154 0.533215 0.009767
v -0.482144 0.606890 0.020619
v -0.371103 0.443513 0.218369
v 0.342419 0.546552 0.135378
v 0.299274 0.887958 0.035197
v 0.340599 0.776034 0.187392
v -0.439930 0.362523 0.091728
v 0.314286 0.566038 0.144791
v 0.323312 0.903082 0.159500
v 0.122333 1.036694 -0.297780
v -0.432515 0.358615 0.046593
v 0.298994 0.894622 0.100196
v -0.459780 0.361255 -0.004368
v 0.000974 0.977579 0.454703
v -0.420975 0.387761 -0.009674
v -0.402213 0.485647 0.002247
v 0.274387 0.872806 -0.083723
v -0.401043 1.135219 0.224307
v -0.248874 1.132098 -0.341235
v 0.321693 0.531914 0.085410
v -0.187883 1.018049 0.311269
v 0.076769 0.972003 -0.206582
v 0.364173 0.571736 -0.060517
v -0.461774 1.129295 0.350698
v -0.321869 1.128133 -0.292224
v 0.203347 0.873569 -0.159072
v 0.299931 0.531155 0.190739
v 0.334622 0.425487 0.228617
v -0.397642 1.146054 -0.221258
v 0.145610 0.980002 -0.165616
v 0.267783 0.520447 0.360880
v -0.377274 1.093238 0.323423
v -0.306361 1.017298 0.224978
v -0.077220 0.971349 -0.209282
v 0.136660 0.901569 -0.181474
v 0.264258 0.840334 -0.035048
v 0.277816 0.867063 0.164832
v 0.253392 0.805991 -0.050264
v 0.315729 0.540217 0.050867
v 0.224816 0.873196 0.356497
v -0.339364 1.093962 0.132171
v -0.188959 1.092270 -0.342010
v 0.309446 0.547144 0.215425
v 0.276939 0.888465 0.147990
v 0.291804 0.910252 0.262327
v -0.102219 0.992169 0.428906
v -0.433568 0.615190 0.196242
v -0.013136 1.072970 -0.364617
v 0.246053 0.730694 -0.032457
v 0.222119 0.522950 0.350772
v 0.085970 0.936592 -0.208817
v 0.330361 0.543038 -0.015642
v 0.307975 0.426167 0.273187
v -0.285374 1.045756 0.141109
v -0.365250 1.093018 0.164460
v -0.508366 1.155991 0.065295
v -0.065948 0.979694 -0.192006
v 0.160066 0.901243 0.386165
v 0.279972 0.517935 0.276348
v 0.256432 0.879882 0.191007
v 0.211930 0.565978 0.371788
v 0.304850 0.608820 0.169368
v -0.436845 0.351617 0.077596
v -0.464631 1.152598 -0.099634
v 0.087865 0.953816 0.438755
v 0.006470 0.919455 0.445807
v -0.217730 1.020407 0.357802
v -0.256132 1.040684 0.258164
v -0.426062 1.073577 0.329686
v -0.369853 0.555994 0.144899
v 0.302664 0.415622 0.236760
v 0.272451 0.805052 0.188686
v -0.300590 1.033823 0.156553
v -0.153557 0.980864 -0.161625
v 0.283791 0.881776 0.245970
v -0.164561 0.966392 -0.179533
v -0.041113 0.934836 -0.217857
v 0.328238 0.381123 0.170453
v 0.330197 0.381300 0.069986
v 0.275158 0.608923 0.008159
v 0.289305 0.610866 0.154020
v 0.235648 0.794747 -0.056522
v -0.432799 0.449283 0.189410
v 0.033740 0.883289 -0.199888
v 0.289771 0.607444 -0.008279
v 0.197888 0.610587 0.358378
v 0.064276 0.878893 0.412340
v -0.303332 1.033888 0.228958
v 0.305357 0.610299 0.210486
v -0.159186 0.979625 0.411332
v -0.476086 1.127395 -0.040609
v 0.191927 0.249072 -0.028553
v 0.109667 0.241578 0.134851
v 0.109776 0.241578 0.134851
v 0.109667 0.241034 0.134525
v 0.138568 0.102836 -0.023739
v 0.194266 0.115802 0.186553
v 0.149952 0.096599 0.175994
v 0.126628 0.002101 -0.015854
v 0.147907 0.029568 0.249720
v 0.245831 0.028033 0.297639
v 0.184311 0.029283 0.288900
v 0.226194 0.006240 0.300109
v 0.164619 0.001203 0.269955
v 0.295455 0.001455 0.269008
v 0.233570 0.066004 0.292183
v 0.303624 0.027984 0.263994
v 0.323813 0.004481 0.206280
v 0.114564 0.005174 0.145569
v 0.172048 0.073664 0.262113
v 0.223164 0.095531 0.266803
v 0.287875 0.085631 0.251595
v 0.123965 0.028754 0.171599
v -0.383480 0.546462 0.007510
v 0.203456 0.000193 -0.048324
v 0.131063 0.091751 0.158917
v 0.321839 0.028767 0.212312
v 0.317194 0.029873 0.103200
v 0.203135 0.032774 -0.052924
v 0.149120 0.029811 -0.037173
v 0.298501 0.003189 0.049527
v 0.116055 0.031108 0.012198
v 0.243845 0.004573 -0.032794
v 0.235660 0.030365 -0.041876
v 0.108352 0.030624 0.080358
v 0.303355 0.082498 0.210095
v 0.245907 0.120269 0.175902
v 0.274719 0.028559 0.000210
v 0.288850 0.101188 0.131988
v 0.105623 0.177608 0.006516
v 0.113412 0.177664 0.146235
v 0.278845 0.114496 0.031854
v 0.213395 0.115449 -0.035220
v 0.090736 0.172667 0.072560
v 0.195550 0.189173 0.186535
v 0.140396 0.175289 -0.030069
v 0.188455 0.188319 -0.035868
v 0.118651 0.166778 0.041703
v 0.271345 0.189214 0.148231
v 0.279175 0.188099 0.029020
v 0.237301 0.190428 -0.020500
v -0.419902 0.354700 0.013489
v 0.197782 0.178664 0.149997
v 0.127600 0.242919 0.005985
v 0.151063 0.172551 0.004750
v 0.124787 0.170018 0.110986
v 0.163250 0.174467 -0.001828
v 0.242612 0.182054 0.127695
v 0.193916 0.175898 -0.004741
v 0.160325 0.173309 0.000162
v 0.160433 0.173309 0.000162
v 0.160542 0.173962 0.000162
v 0.159346 0.173962 0.000597
v 0.100355 0.242122 -0.014172
v 0.089896 0.239248 0.075496
v 0.238469 0.179693 0.017402
v 0.127805 0.243046 0.162171
v 0.224277 0.223925 0.146661
v 0.156883 0.180369 0.145211
v 0.060189 0.246162 0.028711
v 0.102956 0.239165 0.144654
v 0.110102 0.241034 0.135721
v 0.205811 0.249966 0.183923
v 0.221445 0.249966 0.001199
v 0.234814 0.251498 0.202920
v 0.259335 0.182752 0.081177
v 0.264708 0.254999 0.075088
v 0.239643 0.253579 0.155987
v 0.161065 0.255328 0.234197
v 0.083507 0.269592 -0.028970
v 0.037032 0.270350 0.099362
v -0.498788 0.644872 0.003327
v 0.220306 0.267937 0.239783
v 0.133033 0.268683 -0.057163
v 0.262862 0.271947 -0.026373
v 0.198287 0.270768 -0.061237
v 0.296743 0.275441 0.031270
v 0.052702 0.371127 -0.020505
v 0.305548 0.274421 0.105644
v 0.009256 0.398483 0.050180
v 0.066144 0.250564 0.190733
v 0.270679 0.268814 0.198322
v 0.111012 0.386476 -0.063907
v 0.007822 0.416170 -0.002905
v 0.300111 0.378530 0.074977
v 0.130360 0.322520 0.240595
v -0.013136 0.402125 0.028748
v 0.208729 0.349301 0.239412
v 0.272548 0.378736 0.007556
v -0.469194 0.636519 -0.045278
v 0.267570 0.377609 0.201559
v -0.027398 0.418241 -0.027985
v 0.008880 0.409491 0.228512
v 0.214653 0.377077 -0.053176
v -0.001121 0.402987 0.149994
v -0.351514 0.493978 0.180576
v 0.062688 0.448238 -0.091187
v 0.184259 0.381985 -0.073000
v 0.028695 0.421210 0.277633
v 0.164185 0.431237 -0.099785
v -0.223267 0.981559 -0.107402
v -0.082348 0.249993 -0.018604
v -0.234961 0.029220 -0.042939
v -0.271484 0.000000 -0.000432
v -0.154412 0.000748 -0.037068
v -0.289833 0.028283 0.276837
v -0.188235 0.031607 0.292814
v -0.215762 0.005826 0.300776
v -0.235663 0.027893 0.297941
v -0.156022 0.000119 0.255559
v -0.289956 0.000362 0.274123
v -0.143140 0.028045 0.237002
v -0.276325 0.059978 0.281640
v -0.163359 0.070329 0.258060
v -0.451935 0.585385 -0.022295
v -0.320629 0.004441 0.227162
v -0.115721 0.004031 0.010418
v -0.111867 0.004247 0.108823
v -0.500165 0.666727 0.094050
v -0.114112 0.028701 0.013043
v -0.112665 0.028934 0.112991
v -0.160383 0.028324 -0.045762
v -0.274920 0.097589 0.240964
v -0.216945 0.094729 0.265360
v -0.219291 0.004666 -0.047751
v -0.122624 0.100820 -0.006393
v -0.322410 0.033860 0.229236
v -0.312057 0.003864 0.084731
v -0.125818 0.082447 0.153361
v -0.320867 0.030019 0.126232
v -0.092232 0.170396 0.070724
v -0.288995 0.098605 0.128612
v -0.197475 0.117549 0.186287
v -0.103902 0.173111 0.003148
v -0.267548 0.026011 -0.008317
v -0.124946 0.174907 0.164959
v -0.267656 0.026989 -0.007882
v -0.267656 0.026989 -0.007773
v -0.292499 0.029099 0.029260
v -0.267330 0.027098 -0.007230
v -0.161466 0.115423 -0.034784
v -0.152400 0.094952 0.177797
v -0.422154 0.378214 0.186372
v -0.259599 0.116392 0.170874
v -0.129117 0.168725 0.028537
v -0.119929 0.166762 0.098264
v -0.234718 0.112655 -0.025160
v -0.283447 0.111749 0.046747
v -0.150326 0.186963 -0.030897
v -0.123184 0.164939 0.045058
v -0.123076 0.165591 0.044950
v -0.123184 0.164939 0.044950
v -0.123402 0.165809 0.043971
v -0.204870 0.183292 -0.038503
v -0.163157 0.187338 0.174224
v -0.090805 0.239637 0.089628
v -0.068933 0.239218 0.111487
v -0.105096 0.237486 0.031969
v -0.138186 0.169722 0.016468
v -0.138729 0.169939 0.015925
v -0.138947 0.170374 0.015925
v -0.138186 0.170483 0.014947
v -0.222768 0.186009 0.183167
v -0.289438 0.187245 0.052534
v -0.174659 0.176658 -0.007145
v -0.165010 0.177548 0.146783
v -0.048621 0.256602 0.151165
v -0.051412 0.257051 0.034376
v -0.273357 0.190438 0.145090
v -0.078801 0.887812 -0.194588
v 0.241561 0.820632 0.200570
v -0.089048 0.882989 0.409934
v -0.342584 0.995081 0.211633
v 0.150782 0.826036 -0.179021
v 0.237845 0.416895 0.360279
v 0.239384 0.857298 0.330669
v 0.298240 0.534167 -0.011418
v -0.290942 1.045697 0.235934
v -0.397866 0.434668 0.217339
v 0.243169 0.608574 -0.060222
v 0.217377 0.380234 0.266261
v 0.202491 0.556922 0.357161
v 0.189642 0.606133 0.350406
v -0.266011 1.037526 -0.220484
v -0.441250 0.387783 0.092023
v 0.292068 0.380619 -0.041016
v 0.200547 0.561612 0.353896
v 0.200438 0.563026 0.353788
v 0.253723 0.611551 0.295999
v 0.266921 0.610173 0.230054
v -0.100070 0.963052 0.438045
v 0.297076 0.530402 0.025409
v -0.148770 0.245434 -0.004752
v -0.254423 0.191837 -0.005304
v 0.296112 0.382765 0.263506
v 0.267892 0.722064 0.181746
v -0.422684 0.436758 0.169025
v -0.071753 0.434426 -0.079697
v 0.067513 0.440064 0.310912
v 0.213420 0.381802 0.298973
v -0.364063 0.998521 0.116179
v 0.240835 0.841665 -0.104731
v 0.017601 0.781959 -0.193751
v -0.218527 0.179109 0.144904
v -0.007514 0.831256 -0.210373
v 0.247805 0.853909 -0.047068
v 0.247826 0.533130 -0.093337
v 0.077112 0.482910 -0.124180
v -0.238166 0.180138 0.016537
v 0.132352 0.468702 0.331425
v -0.148574 0.855249 -0.184135
v 0.211634 0.431232 0.370260
v -0.218090 0.930968 -0.123393
v -0.141016 0.244871 0.173133
v 0.206043 0.420071 0.347711
v 0.238594 0.609444 0.279867
v -0.179968 0.247590 0.217315
v 0.200361 0.607344 0.322583
v 0.237616 0.609335 0.279106
v -0.056341 0.299416 0.216204
v 0.166573 0.531673 0.370831
v 0.236746 0.609226 0.279867
v 0.237181 0.609552 0.278562
v -0.262757 0.182000 0.087512
v 0.235583 0.609461 0.280174
v 0.107039 0.788399 -0.172401
v -0.063542 0.356577 -0.026397
v 0.233370 0.530788 -0.080442
v -0.223170 0.252010 0.003096
v 0.227640 0.783021 0.258751
v -0.002008 0.827550 0.433738
v -0.000416 0.757987 0.432644
v -0.205063 0.911398 0.354018
v -0.262236 1.016682 0.319511
v 0.173333 0.809340 -0.122205
v 0.190933 0.528768 0.337579
v 0.187957 0.844761 0.277236
v -0.346084 1.007245 -0.031116
v -0.110061 0.795277 -0.179183
v -0.026173 0.412319 0.266569
v 0.189877 0.607245 -0.111145
v -0.123835 0.270973 -0.057474
v 0.079378 0.380112 0.365853
v 0.132485 0.797167 0.395510
v 0.183150 0.380622 -0.146369
v -0.311378 0.981201 0.052104
v 0.220582 0.606865 -0.116946
v -0.122870 0.381024 -0.064970
v -0.204062 0.249852 0.182586
v -0.192817 0.262956 0.244282
v 0.114055 0.530489 0.390831
v 0.221119 0.633020 0.306285
v -0.227045 0.217491 0.143187
v 0.186871 0.660229 0.340584
v -0.276208 0.981724 -0.033811
v -0.445834 0.413425 0.051264
v -0.259740 0.969917 -0.082209
v 0.064144 0.379736 -0.142595
v 0.114774 0.605137 0.388538
v 0.234541 0.383701 -0.111149
v 0.105901 0.631533 0.410723
v 0.106982 0.606505 0.374894
v 0.127752 0.820264 0.325666
v -0.180921 0.919039 -0.159040
v 0.066774 0.766456 -0.161630
v 0.149527 0.533422 -0.164444
v 0.140615 0.529661 0.378076
v 0.151733 0.530793 -0.140160
v -0.210765 0.274503 -0.060140
v -0.259153 0.254154 0.047590
v 0.139414 0.530108 0.366478
v 0.138475 0.529544 0.376834
v 0.138366 0.529544 0.376834
v 0.138257 0.529544 0.376834
v 0.114994 0.530196 0.374116
v 0.114559 0.530196 0.374116
v 0.114015 0.529979 0.374007
v -0.383197 0.549386 -0.033087
v -0.303543 0.983635 0.236423
v -0.318371 0.987208 0.153286
v -0.204864 0.844613 -0.148468
v 0.139127 0.529652 0.375747
v 0.115863 0.529979 0.373790
v -0.216739 0.867553 0.361372
v -0.257169 0.898586 0.312119
v -0.256131 0.252695 0.128705
v 0.050392 0.493292 0.350856
v 0.073893 0.379817 0.406625
v -0.088478 0.380230 -0.136380
v 0.110952 0.505237 0.419807
v -0.055319 0.495090 0.350829
v -0.127985 0.801568 0.405708
v -0.277086 0.914863 -0.075679
v 0.073385 0.379901 -0.180606
v -0.003107 0.755973 0.413905
v -0.143464 0.445032 -0.107436
v -0.240189 0.262593 0.226536
v 0.078987 0.646003 0.413222
v 0.092559 0.606073 -0.152494
v -0.157842 0.330700 0.246413
v -0.271223 0.882188 -0.093682
v -0.008702 0.758232 -0.167618
v 0.100993 0.606925 -0.174348
v -0.164619 0.434773 0.320896
v 0.112734 0.519068 0.378815
v -0.297258 0.948594 0.218942
v -0.084478 0.770686 -0.156400
v -0.123935 0.465792 0.336057
v 0.076154 0.483052 0.420062
v -0.309736 0.958365 0.086481
v -0.276484 0.949465 -0.027683
v 0.053436 0.531036 -0.168333
v -0.074538 0.379724 -0.181237
v -0.426960 0.387143 0.122856
v 0.066862 0.798133 0.349902
v -0.241169 0.842847 -0.102601
v -0.004348 0.481819 0.399882
v -0.192088 0.380598 -0.065531
v -0.056648 0.604108 0.410966
v -0.279117 0.265955 0.187175
v 0.093003 0.483392 0.388999
v -0.257149 0.866148 0.304114
v -0.300343 0.903975 0.240093
v -0.181762 0.380435 -0.096902
v -0.140588 0.802007 0.378533
v -0.182954 0.824717 0.374305
v -0.157483 0.801011 -0.132360
v -0.090377 0.380101 0.404164
v 0.074135 0.647396 0.385385
v -0.092363 0.482917 0.388569
v -0.015025 0.784398 0.362612
v -0.327982 0.937240 0.137848
v -0.011828 0.532606 -0.187715
v -0.235485 0.357303 0.227529
v -0.303530 0.273678 0.113069
v -0.186088 0.380612 0.320199
v -0.111724 0.518190 0.419516
v -0.088491 0.643588 0.381589
v -0.192569 0.380540 -0.141331
v -0.249393 0.853248 -0.042077
v -0.113742 0.605987 0.387889
v 0.020804 0.753738 0.376623
v -0.258846 0.377968 -0.011507
v -0.223519 0.381610 0.346232
v -0.049378 0.607081 -0.182372
v -0.209864 0.829325 -0.095966
v -0.327381 0.898608 0.051857
v -0.402892 0.397427 0.211924
v -0.322866 0.902089 0.157638
v -0.159710 0.605748 -0.124743
v -0.159710 0.605421 -0.124634
v -0.159058 0.605748 -0.125503
v -0.160797 0.605748 -0.124308
v -0.162211 0.533010 -0.158953
v -0.268698 0.381077 -0.075282
v -0.119982 0.529472 0.376583
v -0.312788 0.893480 -0.016962
v -0.194823 0.606745 -0.107891
v -0.282576 0.379727 0.183050
v -0.188732 0.847611 0.275335
v -0.237390 0.780657 -0.054309
v -0.149501 0.652267 0.363657
v -0.168262 0.607607 -0.149916
v -0.247170 0.879446 0.189092
v -0.083406 0.804188 0.345198
v -0.250602 0.608244 -0.052922
v -0.214706 0.380401 0.272736
v -0.114471 0.530992 0.390163
v -0.307663 0.378787 0.101275
v -0.251766 0.606877 -0.080510
v -0.286098 0.382069 0.275430
v -0.260504 0.852214 0.194535
v -0.156917 0.533055 0.380886
v -0.326287 0.380719 0.176363
v -0.190243 0.607379 0.334537
v -0.259514 0.824970 -0.045018
v -0.150989 0.830286 0.311016
v -0.280629 0.889496 0.141950
v -0.216062 0.531035 0.321406
v -0.207833 0.608322 0.344550
v -0.268879 0.533198 -0.068991
v -0.306203 0.894451 0.089972
v -0.226240 0.776891 0.264943
v -0.272370 0.859438 0.178785
v -0.324489 0.764924 -0.049622
v -0.298163 0.650302 -0.042992
v -0.288953 0.531479 0.219906
v -0.275206 0.873193 -0.010576
v -0.251473 0.610591 0.265500
v -0.251722 0.788574 0.198068
v -0.269316 0.609869 0.275888
v -0.308214 0.530483 0.069133
v -0.318707 0.537170 0.055235
v -0.240050 0.532754 0.323314
v -0.278203 0.832518 0.184614
v -0.277476 0.608598 0.203939
v -0.259875 0.678402 -0.017405
v -0.291314 0.602085 -0.003883
v -0.303426 0.532275 0.227119
v -0.288986 0.607866 0.147668
v -0.321826 0.533821 0.100170
v -0.259869 0.752583 0.182174
v -0.403884 0.735313 -0.029398
v -0.282392 0.666954 0.174404
v -0.307003 0.607424 0.168547
v -0.269504 0.717825 0.179964
v -0.269396 0.718369 0.179204
v -0.269396 0.718477 0.179312
v -0.269178 0.719347 0.180073
v -0.348919 0.531217 0.020645
v -0.424192 0.734666 0.152132
v -0.318784 0.550747 0.125406
v -0.329279 0.574956 0.169136
v -0.356862 0.740800 0.192236
v -0.467134 0.658662 0.174359
v -0.422016 0.601695 -0.066982
v -0.372687 0.576720 -0.064600
v -0.353545 0.554784 0.157139
v -0.368275 0.516760 0.101732
v -0.338790 0.417160 0.167206
v -0.369116 0.409334 0.143997
v -0.378745 0.384289 0.179386
v -0.383573 0.475899 0.105267
v -0.410150 0.396515 0.165287
v -0.407767 0.440159 0.129170
v -0.345432 0.398414 0.201107
v -0.364007 0.594775 0.194023
v -0.357530 0.847237 0.058332
v -0.336308 0.552192 -0.030796
vn 0.5538 0.7637 0.3317
vn 0.5653 0.7254 0.3927
vn 0.5493 0.7758 0.3105
vn 0.9824 -0.0847 -0.1665
vn 0.6268 -0.6523 -0.4263
vn 0.7619 0.4276 -0.4865
vn 0.8116 0.3948 -0.4306
vn 0.7989 0.4038 -0.4457
vn 0.8859 0.0117 0.4636
vn 0.9073 -0.0053 0.4205
vn 0.8915 0.0074 0.4529
vn 0.9107 -0.0082 0.4131
vn 0.0105 0.0562 0.9984
vn 0.0229 0.0751 0.9969
vn 0.0024 0.0437 0.9990
vn -0.5785 -0.0000 0.8157
vn -0.5784 -0.0000 0.8157
vn -0.0104 0.0239 0.9997
vn 0.0024 0.0436 0.9990
vn -0.5784 -0.0000 0.8158
vn -0.0000 -0.0000 1.0000
vn -0.0000 -0.0000 -1.0000
vn 0.3509 -0.0000 0.9364
vn 0.2096 0.0261 0.9774
vn 0.2018 0.0275 0.9790
vn 0.2010 0.0276 0.9792
vn -0.8835 -0.0005 0.4684
vn -0.9346 -0.0204 0.3552
vn -0.9167 -0.0117 0.3994
vn -0.9156 -0.0000 0.4020
vn -0.7128 0.1623 0.6824
vn -0.8789 0.0012 0.4771
vn 0.0221 -0.9447 0.3271
vn -0.0108 -0.9884 0.1512
vn 0.0179 -0.9521 0.3053
vn -0.0234 0.8625 0.5055
vn 0.0212 0.9841 0.1761
vn 0.0179 -0.9521 0.3052
vn -0.0108 -0.9885 0.1511
vn -0.0140 -0.9909 0.1336
vn 0.8628 -0.4159 -0.2873
vn 0.8508 -0.2374 0.4689
vn 0.9748 0.1864 -0.1225
vn 0.9838 0.1496 -0.0987
vn 0.9797 0.1702 -0.1062
vn -0.1497 0.3929 0.9073
vn -0.4682 0.4534 0.7584
vn 0.0386 -0.9617 -0.2713
vn -0.5884 -0.7682 0.2522
vn -0.0183 0.0740 0.9971
vn -0.0412 -0.0181 0.9990
vn -0.0190 0.0715 0.9973
vn -0.8009 -0.5149 -0.3057
vn 0.0053 0.1680 0.9858
vn -0.7867 0.2525 0.5633
vn -0.8069 0.2588 0.5310
vn -0.7372 0.2369 0.6327
vn -0.9535 -0.2755 0.1226
vn 0.1709 -0.8259 0.5373
vn -0.4580 0.2942 0.8389
vn -0.4924 0.1983 0.8475
vn -0.2551 0.1744 0.9511
vn -0.8616 0.2760 0.4261
vn 0.5070 -0.6350 0.5829
vn 0.5164 -0.7973 0.3125
vn -0.0901 -0.9952 0.0386
vn -0.0000 -1.0000 -0.0000
vn -0.1229 -0.9910 0.0527
vn 0.9128 0.2831 0.2943
vn 0.5694 0.3604 0.7389
vn 0.5800 0.3670 0.7272
vn 0.6239 0.3947 0.6745
vn 0.9266 -0.0187 0.3756
vn 0.9593 -0.0747 0.2722
vn 0.9387 -0.0368 0.3428
vn -0.4428 -0.5537 0.7053
vn 0.6399 -0.0213 0.7682
vn 0.5534 0.0480 0.8315
vn 0.5810 0.0267 0.8135
vn 0.5488 0.3474 0.7604
vn 0.5120 0.0786 0.8554
vn 0.9685 -0.0971 0.2291
vn -0.4035 -0.7706 0.4933
vn -0.4323 -0.7669 0.4743
vn -0.3400 -0.7755 0.5319
vn -0.7782 0.1206 0.6164
vn -0.9627 0.0007 0.2707
vn -0.2920 -0.7764 0.5585
vn -0.1518 -0.5413 0.8270
vn -0.1350 -0.4704 0.8721
vn -0.1574 -0.5032 0.8497
vn -0.1377 -0.4420 0.8864
vn -0.1038 -0.5524 0.8271
vn 0.2038 -0.1648 0.9650
vn -0.1498 -0.4261 0.8922
vn -0.5304 -0.7781 0.3365
vn -0.4893 -0.8274 0.2757
vn -0.5571 -0.7397 0.3775
vn -0.1377 -0.4421 0.8864
vn -0.1499 -0.4261 0.8922
vn -0.1533 -0.4158 0.8964
vn -0.8570 -0.4497 -0.2516
vn -0.7817 -0.5268 -0.3338
vn -0.9367 -0.2681 -0.2251
vn -0.8295 -0.3982 -0.3915
vn -0.9213 -0.3200 -0.2208
vn -0.4323 -0.8523 0.2945
vn 0.1494 0.0263 0.9884
vn 0.3210 0.2151 0.9223
vn -0.0861 -0.5452 0.8339
vn -0.1299 -0.5463 0.8275
vn -0.8820 0.3108 -0.3543
vn -0.7193 -0.6128 -0.3272
vn -0.6749 -0.6546 -0.3406
vn 0.5763 0.1654 0.8003
vn 0.5935 0.1136 0.7968
vn 0.6057 0.0728 0.7924
vn -0.4612 -0.8622 0.2094
vn 0.7504 0.5083 0.4226
vn 0.4907 0.6917 0.5299
vn 0.6481 0.5164 0.5598
vn 0.5501 0.8280 -0.1085
vn 0.6542 0.7500 -0.0974
vn 0.5131 0.7957 -0.3218
vn 0.6599 0.6829 -0.3133
vn 0.5391 0.8103 0.2297
vn 0.5864 0.7930 0.1653
vn 0.6174 0.7836 0.0694
vn 0.5377 0.8414 0.0539
vn 0.8084 0.5178 0.2800
vn 0.6661 0.6202 0.4143
vn -0.6876 -0.6294 -0.3619
vn 0.4851 0.8160 0.3145
vn -0.9745 -0.1917 -0.1161
vn -0.9902 -0.1246 0.0631
vn -0.3012 0.0228 0.9533
vn 0.2814 0.9425 -0.1802
vn -0.5075 -0.8605 0.0446
vn 0.4906 0.6917 0.5299
vn 0.4153 0.6572 0.6290
vn -0.9746 -0.1917 -0.1161
vn -0.9902 -0.1245 0.0632
vn -0.9931 -0.0880 0.0778
vn -0.1972 -0.9394 0.2805
vn 0.4337 0.8282 0.3550
vn 0.2658 0.8023 -0.5345
vn 0.4263 0.7465 -0.5108
vn 0.8178 0.3742 0.4372
vn 0.6057 0.0727 0.7924
vn 0.6198 0.0202 0.7845
vn 0.6656 0.6442 -0.3768
vn -0.1565 -0.6274 0.7628
vn -0.0862 -0.5452 0.8339
vn -0.9803 -0.0186 0.1967
vn -0.3558 -0.6377 -0.6832
vn 0.3119 -0.3666 0.8765
vn -0.9807 -0.0219 0.1945
vn 0.9837 -0.1664 -0.0682
vn 0.9836 -0.1504 0.1000
vn 0.9471 -0.3141 0.0664
vn -0.7197 -0.6932 0.0371
vn -0.6998 -0.7093 0.0841
vn -0.6933 -0.7139 0.0986
vn -0.6932 -0.7140 0.0986
vn -0.6998 -0.7094 0.0841
vn -0.6120 -0.7503 0.2501
vn -0.5916 -0.7648 0.2550
vn -0.4498 -0.8110 -0.3742
vn -0.5260 -0.7652 -0.3712
vn -0.4108 -0.8367 -0.3622
vn 0.6809 0.6397 -0.3566
vn 0.5132 0.7957 -0.3218
vn 0.9431 -0.1799 0.2796
vn 0.9540 0.0109 0.2996
vn -0.7530 -0.6500 -0.1024
vn 0.2038 -0.4298 0.8796
vn 0.8185 0.1723 0.5481
vn 0.7763 0.1585 0.6101
vn 0.8307 0.0237 0.5563
vn 0.8306 0.0237 0.5563
vn 0.7639 0.1502 0.6276
vn 0.7627 0.1394 0.6315
vn 0.7493 0.1371 0.6479
vn -0.6231 -0.4491 -0.6403
vn -0.4285 -0.8507 0.3043
vn -0.1553 -0.4083 0.8995
vn 0.3124 0.9496 0.0278
vn 0.0792 0.8749 -0.4778
vn 0.8658 0.4992 -0.0340
vn 0.8697 0.4932 0.0205
vn 0.8719 0.4893 -0.0210
vn 0.8735 0.1326 0.4685
vn -0.5259 -0.7653 -0.3712
vn -0.4943 -0.8029 -0.3331
vn 0.3586 0.7163 -0.5986
vn 0.9111 0.3341 0.2415
vn -0.9768 -0.0470 -0.2088
vn 0.1133 0.9671 0.2279
vn 0.2137 0.9745 0.0686
vn 0.8755 0.3576 -0.3249
vn 0.8619 0.4870 0.1413
vn 0.8689 0.4925 0.0493
vn 0.7267 0.0292 0.6863
vn -0.0492 0.7148 -0.6976
vn -0.1897 -0.6440 0.7412
vn -0.2426 -0.9701 -0.0000
vn -0.2670 -0.7983 -0.5398
vn -0.6070 -0.7057 -0.3653
vn -0.6103 -0.7116 -0.3481
vn -0.6098 -0.7106 -0.3510
vn 0.0921 0.7578 0.6459
vn -0.6346 -0.6983 -0.3310
vn -0.9072 -0.4165 -0.0592
vn -0.9123 -0.4091 -0.0165
vn -0.9088 -0.4145 -0.0476
vn -0.9138 -0.4061 -0.0000
vn 0.6028 0.6978 0.3869
vn -0.6038 -0.7001 -0.3812
vn 0.3451 0.7740 0.5309
vn 0.2057 0.5336 -0.8204
vn 0.9208 0.2452 0.3033
vn 0.8840 0.3290 0.3322
vn 0.8953 -0.3804 0.2317
vn 0.5289 0.4014 0.7478
vn 0.5178 0.5715 0.6366
vn 0.3110 0.5274 0.7907
vn -0.2225 -0.9051 -0.3623
vn -0.1893 -0.8130 -0.5506
vn -0.2913 -0.8881 -0.3555
vn -0.3023 -0.9522 0.0432
vn 0.0063 0.4260 0.9047
vn 0.0074 0.4383 0.8988
vn 0.0066 0.4279 0.9038
vn 0.0074 0.4385 0.8987
vn -0.0000 0.4475 0.8943
vn 0.0066 0.4283 0.9036
vn 0.1987 0.2428 0.9495
vn -0.0902 -0.9952 0.0387
vn -0.1479 -0.9870 0.0634
vn 0.9002 0.4178 0.1224
vn 0.8992 -0.4333 0.0615
vn 0.8840 -0.0928 0.4581
vn 0.1280 -0.9366 0.3261
vn 0.0059 0.4247 0.9053
vn 0.0061 -0.5560 0.8311
vn -0.2225 -0.9052 -0.3622
vn -0.2966 -0.8849 -0.3592
vn -0.0472 0.9578 -0.2835
vn -0.1394 0.9886 -0.0564
vn -0.3292 0.7677 -0.5498
vn 0.7544 -0.6120 0.2373
vn 0.1306 -0.4206 0.8978
vn 0.1216 -0.3783 0.9177
vn 0.1204 -0.3651 0.9232
vn 0.5676 0.3229 0.7574
vn 0.5332 0.3144 0.7854
vn 0.1517 -0.4411 0.8845
vn 0.2830 0.7239 0.6292
vn -0.2490 0.8821 -0.3998
vn -0.8104 0.5031 0.3002
vn -0.7748 0.4915 0.3976
vn -0.7983 0.5378 0.2711
vn 0.3828 -0.8680 0.3165
vn 0.0089 0.8980 0.4400
vn -0.0060 0.8663 0.4995
vn -0.3085 0.6474 -0.6969
vn 0.6613 -0.2450 0.7090
vn 0.1769 -0.9218 -0.3449
vn 0.0593 -0.9450 -0.3217
vn 0.2652 -0.9009 -0.3435
vn 0.5318 0.2862 -0.7970
vn 0.6653 0.2540 -0.7020
vn 0.5978 0.2977 -0.7443
vn -0.7572 0.6441 0.1086
vn -0.3329 0.4627 0.8216
vn 0.4535 0.4431 0.7733
vn 0.0303 0.9640 0.2640
vn 0.7238 0.1998 -0.6605
vn 0.9005 -0.2868 -0.3269
vn 0.9291 -0.3370 -0.1525
vn 0.8038 -0.4933 -0.3325
vn 0.8374 -0.4133 0.3578
vn -0.4541 0.7927 0.4067
vn 0.5917 -0.5211 0.6151
vn 0.0098 -0.0548 0.9985
vn -0.0123 -0.0441 0.9990
vn -0.0058 -0.0472 0.9989
vn 0.1480 -0.9574 -0.2479
vn 0.6131 0.3432 0.7115
vn 0.4845 -0.8111 -0.3278
vn 0.4795 -0.8183 -0.3169
vn 0.5630 -0.7477 -0.3522
vn 0.9026 -0.4149 -0.1148
vn 0.9291 -0.3371 -0.1524
vn 0.9622 -0.2720 -0.0138
vn 0.2423 0.7346 0.6337
vn -0.0170 0.5717 -0.8203
vn 0.9711 -0.2375 0.0225
vn 0.9667 -0.2536 -0.0346
vn -0.5451 0.8382 -0.0159
vn 0.0804 0.6517 0.7542
vn -0.0624 0.6310 0.7733
vn -0.0099 0.5851 0.8109
vn -0.1684 0.5581 0.8125
vn 0.9705 0.1999 0.1349
vn 0.6547 -0.1651 0.7376
vn -0.0154 0.3609 0.9325
vn 0.1423 0.4163 -0.8980
vn 0.2813 0.2938 -0.9136
vn 0.2805 0.2916 -0.9145
vn -0.0393 -0.0310 0.9987
vn -0.3013 0.9454 -0.1242
vn 0.5285 0.2692 -0.8052
vn -0.7324 0.6703 0.1195
vn -0.0358 -0.4277 0.9032
vn -0.2709 -0.6883 0.6729
vn 0.6699 -0.7421 -0.0240
vn 0.6258 -0.7724 0.1083
vn 0.6268 -0.7780 0.0427
vn 0.1924 0.5780 0.7930
vn -0.2726 0.9616 0.0306
vn 0.9675 0.1788 0.1788
vn 0.7977 -0.4649 0.3841
vn -0.4324 0.8884 0.1541
vn 0.0943 0.4988 0.8616
vn 0.2789 -0.7085 0.6482
vn -0.0484 0.8315 0.5534
vn -0.0481 0.8308 0.5545
vn 0.4851 -0.1109 0.8674
vn -0.5070 0.7781 -0.3709
vn -0.7504 0.6400 0.1656
vn -0.7438 0.6615 0.0956
vn -0.7054 0.7046 0.0770
vn 0.2547 0.8615 -0.4392
vn 0.7867 0.6027 0.1334
vn 0.4534 0.4432 0.7733
vn 0.3671 -0.8299 -0.4202
vn -0.5372 0.6586 -0.5270
vn 0.7024 -0.6314 -0.3285
vn 0.1370 0.9002 0.4134
vn 0.9026 -0.4296 -0.0281
vn 0.5205 -0.6111 -0.5964
vn 0.6943 -0.4820 -0.5345
vn 0.4365 -0.8728 0.2182
vn 0.3239 -0.8922 0.3147
vn -0.1248 -0.3805 0.9163
vn 0.9760 0.1656 0.1417
vn 0.8436 -0.2790 -0.4588
vn -0.1944 0.5297 0.8256
vn -0.1935 0.5259 0.8283
vn -0.1975 0.5272 0.8265
vn -0.4938 0.5034 0.7091
vn -0.5360 0.5668 0.6257
vn -0.5471 0.3763 0.7477
vn -0.0000 -0.0569 0.9984
vn 0.6440 -0.7343 0.2147
vn 0.3978 -0.3825 -0.8339
vn 0.6563 -0.7210 -0.2224
vn 0.5952 -0.7185 -0.3598
vn 0.6872 -0.6381 -0.3472
vn 0.3672 -0.8298 -0.4202
vn 0.3895 -0.8211 -0.4172
vn -0.2813 0.6965 0.6601
vn -0.3435 0.7334 0.5866
vn -0.3902 0.6582 0.6438
vn 0.5584 -0.4679 -0.6850
vn 0.9307 0.2226 -0.2903
vn 0.9332 0.2686 -0.2386
vn 0.9397 0.1737 -0.2946
vn 0.9545 -0.2345 0.1843
vn 0.3238 -0.1607 0.9324
vn 0.5053 -0.4312 0.7475
vn 0.4770 -0.3109 0.8221
vn -0.4613 0.5397 -0.7042
vn -0.2028 0.2186 -0.9545
vn -0.2599 0.1632 -0.9517
vn -0.1725 0.2470 -0.9535
vn -0.4937 0.5033 0.7091
vn -0.5471 0.3762 0.7477
vn -0.6959 0.6123 -0.3751
vn 0.1046 -0.2789 -0.9546
vn 0.2579 -0.1581 -0.9531
vn 0.2120 -0.2097 -0.9545
vn 0.9920 0.1261 -0.0029
vn 0.2922 -0.9040 -0.3121
vn 0.1568 -0.5078 0.8471
vn -0.4605 0.4159 -0.7842
vn -0.2960 0.1268 -0.9467
vn -0.0277 -0.1604 -0.9867
vn -0.0802 -0.1351 -0.9876
vn -0.0357 -0.1366 -0.9900
vn 0.5729 -0.7737 0.2706
vn 0.8989 0.3142 -0.3054
vn 0.1609 0.1956 0.9674
vn 0.3366 0.2157 0.9166
vn 0.2539 0.2663 0.9299
vn -0.6697 -0.1220 0.7326
vn 0.1230 -0.5241 0.8427
vn -0.5070 0.7780 -0.3709
vn -0.7240 0.5929 -0.3525
vn 0.8989 0.1322 -0.4177
vn 0.5898 -0.4865 0.6446
vn -0.4361 -0.2238 0.8716
vn -0.4056 0.8416 0.3567
vn -0.3555 0.8924 0.2778
vn -0.5494 0.8300 -0.0962
vn 0.3652 -0.5902 -0.7200
vn -0.2312 -0.0970 0.9681
vn -0.0899 -0.1741 0.9806
vn -0.1067 -0.1653 0.9805
vn -0.6365 0.7683 0.0677
vn 0.5226 0.8497 -0.0698
vn 0.5067 0.8591 -0.0719
vn 0.5987 0.7988 -0.0592
vn 0.1632 0.2833 0.9450
vn 0.5950 -0.6866 -0.4179
vn -0.3127 -0.6756 0.6677
vn 0.5607 -0.7624 0.3230
vn 0.3821 -0.6060 0.6977
vn 0.2210 -0.2342 0.9467
vn -0.4757 0.7248 0.4983
vn 0.9597 0.1000 -0.2626
vn 0.9266 0.1167 -0.3574
vn -0.0153 0.1627 0.9866
vn 0.5630 -0.7205 -0.4048
vn -0.6974 0.7156 0.0398
vn -0.9707 0.2287 -0.0731
vn 0.6215 0.7814 -0.0558
vn 0.3166 -0.5789 0.7514
vn -0.6300 0.7683 0.1131
vn 0.8456 -0.5289 0.0728
vn 0.7559 -0.6500 0.0789
vn 0.7540 -0.6568 0.0094
vn -0.9212 0.0878 -0.3790
vn 0.1833 -0.8027 0.5676
vn -0.6195 0.2034 0.7582
vn 0.1974 -0.6797 -0.7064
vn 0.7558 -0.6500 0.0789
vn 0.6718 -0.7369 0.0749
vn -0.8034 0.5097 -0.3077
vn 0.7866 -0.6140 -0.0648
vn -0.6623 0.6906 0.2906
vn -0.3480 -0.6569 0.6689
vn -0.3764 -0.6380 0.6718
vn 0.1553 -0.4315 0.8886
vn 0.1618 -0.1439 0.9763
vn 0.9770 -0.2119 0.0256
vn -0.6548 0.7464 -0.1189
vn -0.6705 0.7356 -0.0960
vn 0.2117 -0.1541 0.9651
vn 0.0501 0.0998 0.9937
vn -0.0111 0.0793 0.9968
vn -0.7029 0.6266 -0.3367
vn -0.6742 0.1999 0.7110
vn -0.7777 0.6266 0.0496
vn -0.7348 0.0864 -0.6727
vn -0.3940 -0.4169 -0.8191
vn -0.3510 -0.4536 -0.8192
vn -0.2528 -0.4810 -0.8395
vn -0.2335 -0.4807 -0.8452
vn -0.1520 -0.4706 -0.8691
vn 0.8054 0.0841 -0.5867
vn -0.0213 0.9906 0.1353
vn -0.0573 0.9969 0.0548
vn -0.0750 0.9971 0.0149
vn -0.3891 -0.5093 0.7676
vn -0.8673 -0.2896 0.4049
vn -0.5940 0.5508 0.5863
vn 0.5318 -0.7649 0.3634
vn 0.1919 0.3236 0.9265
vn -0.9670 -0.2299 0.1094
vn -0.2511 -0.0857 0.9642
vn -0.6907 0.5616 0.4556
vn -0.4441 -0.3687 -0.8166
vn 0.2587 -0.7123 -0.6525
vn 0.6557 0.0523 -0.7532
vn 0.6107 0.0555 -0.7899
vn 0.7888 0.0877 -0.6084
vn 0.3629 -0.7527 -0.5494
vn -0.6023 -0.7543 0.2614
vn -0.6785 -0.3756 -0.6313
vn -0.6912 -0.3570 -0.6284
vn -0.6574 -0.4052 -0.6353
vn 0.9009 -0.3122 -0.3015
vn 0.8972 -0.2941 -0.3295
vn 0.9025 -0.3083 -0.3009
vn 0.3165 -0.5790 0.7514
vn -0.5157 0.7780 0.3589
vn -0.3624 0.0778 0.9288
vn -0.4481 -0.0569 0.8922
vn -0.4333 -0.0323 0.9007
vn -0.9070 -0.3706 -0.2001
vn -0.8683 -0.3429 -0.3586
vn -0.8674 -0.3563 -0.3473
vn 0.6246 -0.7564 -0.1942
vn 0.5358 -0.8371 0.1107
vn 0.6003 -0.7990 -0.0344
vn -0.4066 -0.6256 0.6658
vn 0.1128 -0.5249 0.8437
vn 0.5340 0.7916 -0.2969
vn -0.1717 -0.9777 0.1213
vn -0.1688 -0.9781 0.1221
vn -0.1442 -0.9811 0.1289
vn -0.0573 0.9968 0.0549
vn -0.0213 0.9906 0.1354
vn -0.0002 0.9833 0.1818
vn 0.7658 -0.5493 -0.3344
vn 0.2121 -0.5415 0.8135
vn -0.0826 -0.3666 0.9267
vn -0.6431 -0.4243 -0.6375
vn 0.0718 -0.7106 -0.7000
vn 0.7096 -0.6621 -0.2410
vn 0.8723 -0.2102 -0.4415
vn -0.8700 0.4929 0.0103
vn -0.8721 0.4889 -0.0191
vn -0.8799 0.4742 -0.0294
vn 0.5021 0.0173 -0.8646
vn 0.3465 0.0092 -0.9380
vn -0.1441 -0.9811 0.1289
vn -0.1401 -0.9816 0.1300
vn 0.5458 -0.7489 0.3757
vn 0.2602 -0.6492 0.7147
vn -0.0067 -0.3878 0.9217
vn 0.0502 -0.3675 0.9287
vn -0.1242 -0.2910 0.9486
vn -0.1844 -0.0111 0.9828
vn -0.2104 -0.1196 0.9703
vn 0.5566 0.2793 0.7824
vn 0.0011 -0.7049 -0.7093
vn 0.7739 0.5921 0.2246
vn -0.2605 0.9622 0.0793
vn -0.2358 0.9694 0.0684
vn -0.2498 0.9661 0.0654
vn 0.1557 0.9166 -0.3683
vn 0.1554 0.8168 0.5556
vn -0.7555 -0.0208 0.6548
vn 0.2606 -0.5940 0.7611
vn -0.1616 -0.7172 -0.6779
vn -0.1434 -0.7241 -0.6747
vn 0.7975 -0.5107 -0.3211
vn -0.2014 -0.3977 0.8951
vn -0.2213 -0.4099 0.8849
vn -0.2113 -0.4038 0.8901
vn -0.8428 0.4753 0.2525
vn -0.8945 -0.3926 -0.2139
vn -0.8399 0.0901 0.5351
vn -0.9607 0.0378 0.2752
vn -0.9193 -0.1033 0.3797
vn -0.3596 -0.7231 -0.5898
vn 0.2674 -0.6482 0.7130
vn -0.7519 0.4279 0.5016
vn 0.5777 0.6723 -0.4630
vn 0.5625 0.6450 -0.5173
vn 0.5889 0.6935 -0.4151
vn 0.1864 -0.9810 -0.0537
vn 0.9587 -0.2821 0.0356
vn 0.9598 -0.2783 0.0364
vn 0.9630 -0.2665 0.0392
vn 0.8163 0.5377 -0.2112
vn 0.9635 -0.2646 0.0396
vn -0.2973 -0.3917 0.8707
vn -0.9000 0.4181 0.1233
vn -0.8520 0.3501 0.3893
vn 0.3269 -0.0231 -0.9448
vn 0.2946 -0.8867 0.3564
vn 0.2927 -0.8850 0.3621
vn 0.2968 -0.8886 0.3496
vn 0.8914 -0.3673 -0.2655
vn 0.8226 -0.2738 -0.4984
vn 0.8972 -0.2940 -0.3296
vn 0.8723 -0.2101 -0.4415
vn 0.2918 -0.8843 0.3645
vn -0.3719 -0.7241 -0.5808
vn 0.1762 -0.0158 -0.9842
vn 0.6369 -0.6431 -0.4251
vn 0.4758 -0.7641 -0.4356
vn 0.2957 0.8855 0.3583
vn -0.2845 -0.2963 0.9117
vn -0.1602 0.9849 0.0656
vn -0.0168 -0.7664 0.6421
vn -0.2498 -0.6784 0.6910
vn -0.1953 -0.7890 0.5825
vn -0.9755 -0.1525 0.1588
vn 0.2295 -0.6334 0.7390
vn 0.1053 0.0131 -0.9944
vn 0.4462 -0.8646 -0.2311
vn 0.5468 0.6182 -0.5646
vn 0.8682 -0.4021 -0.2908
vn -0.1911 -0.3914 0.9002
vn 0.5048 -0.6384 -0.5811
vn 0.7317 0.6796 0.0529
vn 0.7262 0.6857 0.0496
vn 0.7598 0.6464 0.0704
vn 0.8911 0.0224 0.4533
vn 0.9137 -0.0374 0.4047
vn 0.9059 -0.0150 0.4232
vn -0.9699 -0.2122 0.1190
vn -0.8349 0.3221 0.4463
vn 0.9265 0.2917 -0.2377
vn 0.7541 0.4706 0.4581
vn 0.0145 -0.8030 0.5959
vn 0.0616 -0.8250 0.5617
vn -0.4710 -0.4369 0.7664
vn 0.7774 0.6237 0.0818
vn 0.9905 -0.1192 -0.0686
vn 0.9324 -0.3193 -0.1692
vn -0.9670 -0.2489 0.0544
vn -0.9434 -0.3312 -0.0180
vn -0.9568 -0.2900 0.0189
vn -0.9302 -0.3630 -0.0547
vn 0.8636 0.0806 -0.4976
vn 0.8574 0.1648 -0.4875
vn 0.8601 0.1374 -0.4912
vn 0.0766 -0.8537 0.5150
vn -0.3221 0.1356 0.9369
vn -0.7104 -0.6375 -0.2984
vn -0.6942 -0.6529 -0.3031
vn -0.6917 -0.6552 -0.3037
vn -0.4745 -0.7116 -0.5181
vn -0.0317 0.0006 -0.9995
vn -0.2005 0.0217 -0.9794
vn 0.2449 0.8892 -0.3863
vn 0.2215 0.8813 -0.4174
vn 0.2014 0.8714 -0.4474
vn -0.7853 -0.2162 0.5802
vn -0.9416 0.2632 0.2101
vn 0.3656 -0.7105 -0.6013
vn 0.7994 -0.3154 -0.5114
vn -0.9661 0.2279 0.1210
vn -0.2798 -0.0038 -0.9601
vn 0.6606 0.5658 -0.4934
vn 0.6115 0.5883 -0.5292
vn 0.6347 0.5781 -0.5128
vn 0.8811 -0.3428 0.3259
vn 0.8954 -0.3071 0.3225
vn 0.8514 -0.4070 0.3310
vn 0.8830 0.0407 0.4676
vn -0.4743 -0.7113 -0.5187
vn 0.5852 0.5989 -0.5468
vn 0.3621 0.6294 0.6876
vn 0.4610 0.5446 0.7006
vn 0.4465 0.5581 0.6994
vn -0.6345 -0.2010 0.7464
vn -0.8843 -0.3037 0.3547
vn 0.9852 -0.1587 0.0653
vn 0.3296 -0.8846 -0.3298
vn -0.9507 -0.2441 0.1912
vn -0.9619 -0.2674 0.0576
vn 0.1726 -0.6251 0.7613
vn -0.8955 0.2706 0.3534
vn -0.6854 -0.6610 -0.3055
vn -0.4800 0.0235 -0.8769
vn -0.2006 0.0217 -0.9794
vn -0.2798 -0.0038 -0.9600
vn -0.2974 -0.3917 0.8707
vn -0.4710 -0.4369 0.7663
vn -0.5036 -0.4606 0.7309
vn 0.9376 -0.2432 -0.2483
vn -0.9327 0.2850 -0.2210
vn -0.9379 0.1985 -0.2846
vn -0.9411 0.1968 -0.2750
vn 0.6838 -0.0784 -0.7254
vn 0.6478 -0.1325 -0.7502
vn 0.5562 -0.1636 -0.8148
vn 0.8163 0.4167 0.4000
vn -0.4468 -0.7819 0.4346
vn 0.8643 0.0553 -0.4999
vn 0.7400 -0.6311 -0.2325
vn 0.7895 -0.5551 -0.2620
vn 0.7834 -0.5653 -0.2583
vn -0.1407 -0.9040 0.4036
vn -0.2901 -0.8398 0.4589
vn 0.9904 -0.0503 0.1289
vn 0.8383 -0.4321 0.3326
vn 0.8513 -0.4071 0.3310
vn -0.1064 0.9943 0.0105
vn -0.5027 -0.4426 0.7426
vn 0.1878 -0.8197 -0.5411
vn 0.0802 -0.9262 0.3683
vn -0.0827 -0.9906 -0.1089
vn 0.8961 -0.2031 0.3947
vn 0.9088 -0.1962 0.3683
vn 0.9231 -0.2255 0.3115
vn 0.8199 -0.4838 0.3061
vn 0.3594 -0.8944 0.2661
vn 0.4158 -0.9095 0.0008
vn 0.5258 -0.6910 0.4961
vn 0.8665 -0.4962 0.0552
vn 0.8064 -0.5687 0.1624
vn 0.8366 -0.5361 0.1125
vn 0.6505 -0.3639 0.6666
vn 0.4508 -0.8414 0.2981
vn 0.4917 -0.8063 0.3288
vn 0.8009 -0.5552 -0.2244
vn 0.1254 -0.4414 -0.8885
vn -0.7022 -0.6400 0.3119
vn 0.7476 -0.4428 -0.4949
vn 0.2078 -0.4428 0.8722
vn 0.8481 -0.4325 -0.3061
vn 0.8475 -0.4333 -0.3065
vn 0.8814 -0.3505 -0.3168
vn -0.0647 -0.9023 -0.4262
vn 0.0152 -0.7202 -0.6936
vn 0.1628 -0.9848 0.0614
vn -0.1081 -0.9934 0.0390
vn 0.2914 -0.7018 -0.6501
vn -0.6181 -0.2634 0.7407
vn -0.0463 -0.9394 -0.3397
vn 0.8851 -0.4651 0.0130
vn 0.9411 -0.2839 -0.1835
vn -0.7576 -0.5490 -0.3531
vn 0.9540 -0.1904 -0.2317
vn 0.2879 -0.9034 0.3178
vn -0.8282 -0.5072 -0.2385
vn 0.9693 -0.2405 -0.0503
vn 0.9409 -0.3386 0.0044
vn -0.6453 0.0222 0.7636
vn 0.8971 -0.1094 0.4280
vn 0.8972 -0.1093 0.4279
vn 0.9401 -0.0319 0.3395
vn 0.9193 -0.0520 0.3901
vn -0.6927 -0.6603 0.2901
vn -0.7255 -0.6060 0.3262
vn -0.7006 -0.6267 0.3411
vn -0.7379 -0.5831 0.3399
vn -0.7665 -0.5683 0.2993
vn 0.2821 -0.4004 -0.8718
vn -0.7378 -0.5831 0.3400
vn -0.8534 -0.2196 -0.4727
vn -0.7325 -0.0778 -0.6763
vn -0.7896 0.0178 -0.6134
vn -0.7633 -0.0290 -0.6454
vn 0.7167 0.0892 -0.6916
vn 0.7121 0.0640 -0.6992
vn 0.7168 0.0897 -0.6915
vn -0.7839 0.4555 -0.4220
vn -0.8413 0.4660 -0.2741
vn -0.8185 0.4628 -0.3404
vn 0.1749 -0.0703 0.9821
vn 0.1761 -0.0704 0.9819
vn 0.9193 -0.0519 0.3901
vn 0.9431 0.0168 0.3320
vn -0.6815 -0.0280 0.7313
vn -0.8088 0.0558 -0.5854
vn 0.8991 -0.2291 0.3729
vn -0.4349 -0.8614 -0.2622
vn 0.9187 0.0283 0.3939
vn -0.1987 -0.1295 0.9715
vn 0.7217 0.1200 -0.6817
vn 0.4353 -0.0200 0.9001
vn 0.9758 0.2154 0.0383
vn 0.9513 0.3077 0.0204
vn 0.9819 0.1888 0.0116
vn -0.8069 0.5898 0.0334
vn -0.8163 0.5411 0.2023
vn -0.7922 0.5889 0.1601
vn 0.1536 0.0722 0.9855
vn 0.1501 0.0940 0.9842
vn 0.1699 -0.0386 0.9847
vn -0.1359 0.1184 -0.9836
vn 0.6004 -0.5669 -0.5640
vn 0.6014 -0.5713 -0.5585
vn 0.5921 -0.5340 -0.6036
vn 0.9548 0.2969 0.0137
vn -0.4625 0.1782 -0.8685
vn 0.9231 -0.2255 0.3114
vn 0.9088 -0.1962 0.3682
vn 0.9546 -0.2373 0.1800
vn -0.9448 -0.2002 0.2593
vn -0.7922 0.5889 0.1602
vn -0.8163 0.5410 0.2024
vn -0.7604 0.5463 0.3512
vn 0.7444 0.3538 0.5663
vn 0.8095 0.3778 0.4495
vn 0.7892 0.3870 0.4768
vn -0.7723 0.4526 -0.4458
vn -0.5064 -0.0858 0.8580
vn 0.1757 -0.0704 0.9819
vn 0.1749 -0.0702 0.9821
vn 0.9512 0.3078 0.0204
vn 0.9080 0.4187 0.0129
vn 0.9107 0.4126 0.0189
vn -0.3727 0.7935 -0.4811
vn 0.6073 -0.5993 -0.5216
vn -0.0009 -0.0382 -0.9993
vn -0.1331 -0.1204 -0.9838
vn -0.0864 -0.0915 -0.9920
vn -0.2046 -0.1645 -0.9649
vn -0.7246 0.5651 0.3945
vn 0.6491 0.3439 0.6785
vn 0.7443 0.3538 0.5664
vn 0.1292 -0.9389 0.3190
vn -0.7667 0.6407 -0.0410
vn 0.8126 0.4150 0.4092
vn -0.9376 -0.2485 0.2434
vn -0.1499 -0.8372 0.5260
vn -0.9847 -0.1508 0.0874
vn 0.6833 0.4588 -0.5680
vn 0.5894 0.3643 -0.7211
vn 0.6576 0.4319 -0.6173
vn 0.5272 0.8455 0.0846
vn 0.9676 -0.1339 -0.2140
vn 0.9630 -0.0432 -0.2662
vn 0.9648 -0.0621 -0.2555
vn 0.5628 0.3391 -0.7538
vn -0.0385 -0.4318 -0.9011
vn 0.2890 -0.9561 0.0493
vn 0.3032 -0.9517 0.0491
vn 0.3047 -0.9524 0.0134
vn 0.9464 0.0538 -0.3184
vn 0.2550 -0.9665 0.0286
vn -0.5013 -0.1504 -0.8521
vn -0.5065 -0.1409 -0.8506
vn -0.4689 -0.2060 -0.8589
vn -0.4237 -0.4307 -0.7968
vn -0.0126 0.4544 0.8907
vn -0.0201 0.4604 0.8875
vn 0.0124 0.5121 0.8588
vn 0.5256 0.6686 0.5261
vn 0.5034 0.6748 0.5396
vn 0.5692 0.6493 0.5044
vn 0.1605 0.2581 -0.9527
vn -0.6796 -0.7328 -0.0349
vn -0.6798 -0.7325 -0.0374
vn -0.6796 -0.7327 -0.0355
vn 0.9572 -0.2129 0.1961
vn 0.9387 -0.2192 0.2660
vn 0.9189 -0.2224 0.3259
vn 0.9757 -0.1587 0.1512
vn -0.6795 -0.7329 -0.0334
vn 0.5322 -0.7896 0.3056
vn 0.5321 -0.7900 0.3047
vn 0.5332 -0.8001 0.2748
vn -0.8296 -0.5401 -0.1416
vn -0.8575 -0.4900 -0.1570
vn -0.8278 -0.5431 -0.1406
vn 0.0213 0.5219 0.8527
vn -0.7491 0.4435 0.4922
vn -0.7336 0.4545 0.5053
vn -0.6680 0.4961 0.5547
vn -0.8227 -0.5515 -0.1379
vn -0.9835 0.1672 -0.0686
vn 0.3983 0.7266 0.5598
vn 0.7443 -0.6401 -0.1906
vn 0.3686 0.6940 0.6185
vn 0.3624 0.7742 0.5189
vn -0.7335 0.4545 0.5053
vn -0.6557 0.5031 0.5630
vn 0.0622 0.6328 0.7718
vn 0.3487 0.6929 0.6312
vn 0.4310 -0.8725 -0.2301
vn 0.4476 -0.8447 -0.2934
vn 0.4227 -0.8837 -0.2011
vn -0.4468 0.0489 0.8933
vn 0.1072 -0.9709 -0.2143
vn 0.4203 -0.8867 -0.1928
vn 0.3598 -0.9328 -0.0224
vn -0.2014 0.3727 -0.9058
vn 0.9189 -0.2223 0.3259
vn 0.9003 -0.1777 0.3973
vn 0.8056 0.2058 -0.5556
vn -0.5013 -0.1503 -0.8521
vn -0.5424 -0.0727 -0.8370
vn 0.6986 0.6658 -0.2621
vn 0.7490 0.6313 -0.2013
vn 0.6849 0.6065 -0.4038
vn 0.6168 -0.5864 -0.5250
vn 0.5323 -0.6476 -0.5452
vn 0.5333 -0.6469 -0.5450
vn 0.4418 -0.8854 0.1444
vn 0.4390 -0.8868 0.1445
vn 0.4571 -0.8777 0.1441
vn 0.7726 0.6241 0.1167
vn 0.7777 0.6214 0.0953
vn 0.7369 0.6490 0.1892
vn 0.4559 -0.6937 -0.5575
vn -0.6387 -0.7307 -0.2411
vn 0.6607 -0.0832 -0.7460
vn -0.9508 0.0537 -0.3051
vn -0.9143 0.1015 -0.3922
vn -0.9600 0.0286 -0.2786
vn 0.5536 0.5265 0.6452
vn 0.6643 0.5473 0.5090
vn 0.6879 0.5531 0.4701
vn 0.6795 0.7052 -0.2026
vn 0.5129 -0.8518 0.1072
vn 0.5322 -0.7896 0.3055
vn 0.7399 -0.3198 0.5918
vn 0.6848 0.6065 -0.4039
vn 0.5887 0.5416 -0.6001
vn 0.6551 0.6229 -0.4276
vn 0.1967 -0.5177 -0.8326
vn 0.3919 0.4542 -0.8001
vn 0.3972 0.4531 -0.7981
vn 0.3762 0.4431 -0.8138
vn 0.4230 -0.8945 0.1448
vn 0.7217 0.6642 0.1948
vn 0.6795 0.7051 -0.2026
vn 0.0202 -0.5790 0.8151
vn -0.9798 -0.0448 -0.1948
vn -0.9509 0.0537 -0.3049
vn -0.9600 0.0285 -0.2784
vn 0.5416 -0.5801 0.6084
vn 0.4206 -0.8956 -0.1450
vn -0.9801 -0.0635 -0.1880
vn 0.1771 -0.8743 0.4520
vn 0.1373 -0.6826 0.7178
vn 0.6643 0.5473 0.5091
vn 0.5535 0.5265 0.6453
vn 0.5418 0.5161 0.6634
vn 0.7217 0.6643 0.1948
vn 0.7368 0.6491 0.1892
vn 0.7035 0.6865 0.1836
vn 0.6664 0.7420 -0.0732
vn -0.1397 -0.9858 -0.0935
vn 0.1755 -0.9761 0.1284
vn 0.1222 -0.9850 0.1218
vn 0.2086 0.2245 -0.9519
vn 0.5112 -0.8539 0.0975
vn 0.3261 -0.4799 0.8145
vn 0.9768 -0.0066 0.2140
vn 0.9848 0.0226 0.1720
vn 0.9656 -0.0372 0.2574
vn 0.2776 -0.7144 -0.6424
vn 0.2188 -0.8889 -0.4024
vn 0.2013 0.8714 -0.4474
vn 0.1159 0.8892 -0.4427
vn 0.0653 0.9009 -0.4291
vn 0.7546 -0.6562 -0.0035
vn 0.7755 -0.6313 -0.0049
vn 0.8704 -0.4922 -0.0121
vn -0.8562 0.0713 0.5117
vn -0.4783 0.0038 -0.8782
vn 0.4701 -0.1692 -0.8663
vn 0.3710 0.6722 -0.6407
vn 0.3911 0.3295 0.8593
vn 0.4464 0.5582 0.6994
vn 0.3514 0.6376 0.6855
vn 0.2816 -0.6452 0.7102
vn -0.6923 0.0749 -0.7177
vn -0.7859 0.0775 -0.6135
vn -0.8779 0.1416 -0.4574
vn -0.0643 -0.7092 -0.7020
vn 0.1667 -0.7203 -0.6733
vn -0.2086 -0.0680 -0.9756
vn -0.0802 0.0201 -0.9966
vn -0.1242 0.0115 -0.9922
vn 0.5333 0.7009 0.4736
vn -0.0693 -0.9886 0.1337
vn 0.2837 -0.9585 -0.0286
vn -0.0588 -0.9895 0.1318
vn -0.0983 -0.9616 -0.2564
vn -0.1397 -0.9858 -0.0936
vn -0.1621 -0.9693 -0.1847
vn -0.1090 -0.9927 0.0513
vn 0.8979 -0.4400 -0.0146
vn 0.0142 0.9971 0.0741
vn 0.9109 0.3048 0.2780
vn 0.9197 0.2756 0.2797
vn 0.9040 0.3259 0.2766
vn 0.7231 0.3482 -0.5965
vn 0.2974 0.4011 -0.8664
vn 0.3918 0.4542 -0.8001
vn 0.3761 0.4430 -0.8138
vn 0.6098 0.6164 0.4983
vn -0.0136 0.9948 0.1013
vn -0.9350 0.2264 0.2729
vn -0.9751 0.1549 0.1587
vn -0.5040 -0.8348 0.2217
vn 0.9528 -0.0652 0.2965
vn -0.4177 -0.8128 0.4061
vn -0.6547 -0.5661 0.5010
vn 0.9944 0.0557 0.0897
vn 0.3440 -0.6326 0.6938
vn -0.0330 -0.7057 -0.7078
vn 0.4202 0.0175 -0.9072
vn 0.4629 0.0180 -0.8862
vn 0.4155 0.0175 -0.9094
vn 0.9783 0.1973 -0.0626
vn 0.4075 -0.2370 -0.8819
vn -0.3818 -0.7861 0.4861
vn 0.7285 -0.2193 0.6490
vn 0.7395 -0.1731 0.6505
vn 0.7132 -0.2491 0.6552
vn 0.1424 0.9872 0.0722
vn -0.6237 0.0313 -0.7811
vn 0.1637 0.1221 -0.9789
vn 0.3036 0.1384 -0.9427
vn 0.1923 0.1115 -0.9750
vn 0.4199 0.3208 -0.8490
vn 0.5320 0.2975 -0.7927
vn 0.5011 0.3046 -0.8100
vn 0.6068 0.2780 -0.7447
vn 0.4710 0.0181 -0.8819
vn 0.4630 0.0180 -0.8862
vn 0.4203 0.0175 -0.9072
vn 0.5232 0.5269 0.6698
vn 0.6083 0.6119 0.5056
vn 0.6023 0.6214 0.5011
vn 0.6085 0.6116 0.5057
vn 0.9894 0.1452 -0.0050
vn -0.9220 0.1406 -0.3609
vn -0.4006 -0.5889 -0.7020
vn -0.1853 -0.6101 -0.7704
vn -0.2921 -0.6782 -0.6743
vn 0.7256 -0.0682 -0.6848
vn 0.7170 -0.1631 -0.6777
vn 0.6529 -0.3468 -0.6734
vn -0.0607 -0.5021 -0.8627
vn -0.0426 0.9107 -0.4108
vn 0.9936 0.0244 0.1099
vn 0.9886 0.0658 0.1350
vn 0.9813 0.0929 0.1689
vn -0.7682 -0.6379 0.0548
vn -0.8426 -0.5383 -0.0163
vn -0.7614 -0.6472 0.0373
vn 0.3440 -0.6327 0.6938
vn 0.2382 -0.7154 0.6569
vn 0.3974 -0.1336 -0.9079
vn 0.7355 -0.6373 -0.2299
vn 0.6508 0.1258 -0.7487
vn -0.2240 -0.1131 -0.9680
vn 0.9364 0.3417 -0.0795
vn 0.1444 -0.9862 0.0815
vn 0.3473 0.1021 0.9322
vn 0.2346 0.2228 0.9462
vn 0.2572 0.1996 0.9455
vn 0.1619 0.9844 0.0683
vn -0.9566 0.1382 -0.2565
vn -0.0840 0.9079 -0.4108
vn -0.3857 -0.2191 0.8962
vn -0.3842 -0.2014 0.9010
vn -0.3625 -0.1921 0.9120
vn 0.8242 0.3706 0.4281
vn 0.6411 0.4081 0.6500
vn 0.5659 0.4625 0.6826
vn 0.6773 0.3787 0.6308
vn 0.8893 0.3665 0.2735
vn 0.3555 -0.9212 0.1581
vn 0.3548 -0.9213 0.1593
vn 0.3658 -0.9183 0.1516
vn 0.9789 0.1965 -0.0559
vn 0.8843 0.2224 -0.4105
vn 0.7125 -0.2599 0.6518
vn 0.0740 -0.9973 0.0002
vn 0.3030 -0.9514 0.0557
vn 0.2771 -0.9595 0.0503
vn 0.5096 -0.6528 -0.5605
vn -0.0085 0.0521 0.9986
vn 0.0370 0.0613 0.9974
vn 0.0013 0.0541 0.9985
vn 0.8226 0.5670 0.0429
vn 0.7866 0.6156 0.0472
vn 0.8048 0.5908 0.0572
vn -0.0937 -0.8897 -0.4468
vn 0.3441 -0.0849 -0.9351
vn 0.0228 0.2234 -0.9745
vn 0.6756 -0.3295 -0.6595
vn -0.4399 -0.5686 -0.6951
vn -0.2940 -0.7986 -0.5251
vn 0.5942 0.7042 0.3887
vn 0.5888 0.7132 0.3803
vn 0.6124 0.6712 0.4177
vn 0.6973 -0.2808 0.6595
vn -0.6375 -0.7538 0.1593
vn -0.5782 -0.7759 0.2525
vn 0.0160 0.2435 -0.9698
vn 0.2345 -0.9687 -0.0810
vn -0.0676 -0.9960 0.0587
vn -0.0882 -0.9955 0.0355
vn -0.1377 -0.9903 -0.0205
vn 0.6195 0.6571 0.4294
vn -0.0196 0.6178 0.7861
vn -0.6376 -0.7538 0.1593
vn 0.0096 -0.9487 -0.3162
vn -0.0555 -0.9493 -0.3094
vn 0.9404 0.1352 0.3121
vn 0.9424 0.1387 0.3044
vn 0.9447 0.1216 0.3044
vn 0.1632 0.3419 0.9255
vn 0.3749 0.0703 0.9244
vn 0.3473 0.1020 0.9322
vn 0.2573 0.1995 0.9455
vn 0.1426 -0.1366 0.9803
vn 0.2151 -0.7362 0.6416
vn 0.2022 0.3425 -0.9175
vn 0.4556 -0.5921 -0.6647
vn -0.2153 -0.4693 0.8564
vn 0.9490 0.1559 0.2740
vn 0.9812 0.0929 0.1689
vn 0.9627 0.1413 0.2308
vn 0.9001 0.0288 0.4348
vn 0.2960 -0.9542 -0.0429
vn 0.1445 -0.9862 0.0815
vn 0.2838 -0.9585 -0.0286
vn 0.5658 0.4625 0.6826
vn 0.6410 0.4081 0.6500
vn 0.5292 0.4861 0.6955
vn 0.2203 0.9711 0.0921
vn 0.2039 0.9747 0.0918
vn -0.6477 -0.7565 0.0904
vn 0.2272 -0.3733 -0.8994
vn 0.0814 -0.3021 -0.9498
vn 0.1780 -0.3297 -0.9272
vn -0.9342 -0.3355 0.1211
vn -0.9561 -0.1519 -0.2504
vn 0.6133 0.2368 0.7535
vn 0.3081 -0.9453 -0.1066
vn 0.6140 0.6026 0.5099
vn -0.2819 0.8235 -0.4923
vn -0.2767 0.8321 -0.4807
vn 0.2476 0.0214 -0.9686
vn 0.2365 0.0127 -0.9715
vn 0.3300 0.0311 -0.9435
vn 0.1117 -0.8224 -0.5578
vn 0.8027 0.2259 0.5519
vn 0.8059 0.2125 0.5526
vn 0.8301 0.2320 0.5071
vn -0.5803 -0.4981 0.6443
vn 0.8631 -0.4113 0.2931
vn 0.8544 -0.4178 0.3088
vn 0.8558 -0.4168 0.3064
vn 0.7100 0.7028 0.0450
vn -0.4486 -0.6966 -0.5599
vn -0.6642 -0.3637 -0.6531
vn -0.6442 -0.3404 -0.6849
vn -0.6681 -0.3585 -0.6519
vn 0.9830 0.1828 0.0195
vn 0.9803 0.1977 0.0003
vn 0.9796 0.2010 -0.0039
vn -0.2452 -0.0941 0.9649
vn 0.3540 0.5383 0.7648
vn -0.1992 -0.2071 -0.9578
vn -0.1932 -0.9775 -0.0843
vn -0.0883 -0.9955 0.0355
vn -0.0219 -0.3573 -0.9337
vn 0.8374 0.2272 0.4972
vn 0.7239 0.3372 0.6019
vn 0.8028 0.3101 0.5093
vn 0.7797 0.2716 0.5642
vn -0.1953 0.2806 0.9398
vn -0.2723 0.2698 0.9236
vn -0.2557 0.2723 0.9276
vn 0.6222 -0.4075 -0.6685
vn 0.3894 -0.9094 0.1460
vn 0.3658 -0.9182 0.1516
vn 0.2764 0.0960 -0.9562
vn -0.6430 -0.3260 -0.6930
vn 0.9772 0.2117 -0.0178
vn 0.9448 0.1018 0.3114
vn 0.4091 -0.3002 0.8617
vn 0.4597 -0.2274 0.8585
vn 0.3423 -0.3488 0.8724
vn 0.2850 -0.3973 0.8723
vn 0.2414 -0.3894 0.8889
vn -0.2321 -0.9006 -0.3674
vn -0.3164 -0.0912 -0.9442
vn -0.3290 -0.1562 -0.9313
vn -0.3640 -0.2130 -0.9067
vn -0.7108 -0.3695 -0.5986
vn 0.0458 0.0630 0.9970
vn 0.3594 0.0039 0.9332
vn 0.3789 0.0522 0.9239
vn 0.3778 0.0543 0.9243
vn 0.2851 -0.3973 0.8723
vn 0.6584 -0.2871 0.6958
vn -0.7141 -0.4603 -0.5274
vn -0.6519 -0.5005 -0.5697
vn -0.7775 -0.4223 -0.4659
vn 0.1905 0.0318 -0.9812
vn -0.1684 -0.2413 0.9557
vn -0.1377 -0.1626 0.9770
vn -0.1870 -0.2898 0.9386
vn -0.5782 -0.7759 0.2524
vn -0.6741 0.7381 -0.0285
vn -0.6397 0.7677 -0.0371
vn -0.6438 0.7644 -0.0361
vn -0.0592 -0.4042 -0.9128
vn 0.9429 0.0759 0.3242
vn 0.8041 0.3501 0.4804
vn 0.0445 0.9990 -0.0024
vn 0.0925 0.9951 0.0356
vn -0.0136 0.9996 -0.0245
vn 0.0945 0.9948 0.0369
vn -0.3364 0.2593 0.9053
vn -0.8083 -0.4574 -0.3707
vn 0.1955 0.0425 -0.9798
vn -0.0000 -0.5145 0.8575
vn -0.3988 -0.3040 0.8652
vn -0.7313 0.0542 0.6799
vn -0.7250 0.1383 0.6747
vn -0.7249 0.1394 0.6746
vn 0.5031 0.0084 0.8642
vn 0.3831 -0.2442 0.8908
vn -0.1360 0.1526 0.9789
vn -0.1359 0.1528 0.9789
vn -0.1324 0.2286 0.9645
vn 0.4912 0.2983 0.8183
vn 0.4891 0.2917 0.8220
vn 0.4838 0.2756 0.8307
vn -0.1380 0.0970 0.9857
vn -0.8945 -0.2766 0.3512
vn -0.7250 0.1384 0.6747
vn -0.7163 0.2047 0.6671
vn 0.4912 0.2984 0.8183
vn 0.4948 0.3098 0.8119
vn 0.8962 -0.2012 0.3954
vn 0.9332 -0.0661 0.3534
vn 0.9091 -0.1617 0.3839
vn 0.0220 -0.9994 0.0273
vn 0.0030 -0.9873 0.1587
vn -0.0119 -0.9994 0.0340
vn -0.3414 0.4649 0.8169
vn -0.3596 0.4073 0.8395
vn -0.3336 0.4876 0.8068
vn -0.9660 0.1716 0.1934
vn -0.9475 0.1373 0.2889
vn -0.9603 0.1229 0.2502
vn 0.9432 -0.0058 0.3323
vn 0.2647 0.6805 0.6832
vn -0.1062 -0.9943 0.0110
vn -0.0330 -0.9995 0.0013
vn 0.0255 -0.9994 -0.0225
vn -0.3084 0.5552 0.7724
vn -0.9509 -0.2951 -0.0932
vn -0.9218 -0.3828 -0.0616
vn -0.9551 -0.2842 -0.0839
vn -0.6199 0.5891 0.5184
vn -0.8652 0.3827 0.3239
vn 0.0254 -0.9994 -0.0225
vn -0.9735 -0.1917 -0.1244
vn -0.9634 0.1529 0.2203
vn 0.8947 0.3170 0.3147
vn 0.8942 0.3131 0.3199
vn 0.8946 0.3162 0.3158
vn 0.0917 -0.9958 -0.0066
vn 0.0503 -0.9986 -0.0149
vn -0.9720 0.1629 0.1697
vn -0.3710 -0.3581 -0.8568
vn 0.8951 0.3207 0.3097
vn 0.3465 -0.1728 -0.9220
vn 0.3366 -0.1610 -0.9278
vn 0.3103 -0.1299 -0.9417
vn -0.2704 -0.1372 -0.9529
vn 0.9757 0.2157 -0.0393
vn 0.9950 0.0912 -0.0414
vn 0.9357 0.3490 -0.0509
vn -0.8050 0.2339 -0.5453
vn -0.8153 0.0506 -0.5768
vn -0.8275 0.0761 -0.5562
vn 0.9756 0.2158 -0.0393
vn 0.9357 0.3491 -0.0509
vn 0.9345 0.3521 -0.0524
vn 0.1514 -0.9815 -0.1171
vn -0.4246 0.8341 0.3521
vn -0.3967 0.8566 0.3299
vn -0.4111 0.8453 0.3414
vn 0.3705 -0.2017 -0.9067
vn 0.9241 -0.3531 -0.1463
vn 0.7328 -0.0070 -0.6804
vn 0.7229 0.1339 -0.6778
vn 0.7268 0.1615 -0.6676
vn 0.7950 -0.2903 -0.5327
vn -0.9766 -0.0918 -0.1945
vn -0.4421 0.8189 0.3660
vn -0.2351 0.1811 -0.9549
vn -0.2842 0.1336 -0.9494
vn -0.2231 0.1925 -0.9556
vn 0.0657 0.9585 0.2773
vn 0.1338 0.9472 0.2913
vn 0.2138 0.9277 0.3060
vn 0.9191 0.3895 -0.0600
vn -0.7745 -0.0591 -0.6299
vn 0.9189 0.1047 -0.3803
vn 0.9171 0.1214 -0.3798
vn 0.9191 0.1028 -0.3804
vn -0.0310 0.9664 0.2552
vn -0.1851 0.2277 -0.9560
vn 0.4948 0.8608 0.1196
vn 0.4958 0.8605 0.1175
vn 0.4970 0.8601 0.1151
vn -0.9489 -0.1013 0.2989
vn -0.9346 -0.1182 0.3356
vn -0.9390 -0.1131 0.3247
vn -0.6666 -0.0270 0.7450
vn 0.7063 0.2255 -0.6710
vn -0.9713 -0.0779 -0.2248
vn -0.9192 -0.1342 0.3702
vn -0.9390 -0.1132 0.3247
vn 0.4979 0.8598 0.1133
vn -0.7399 -0.0547 -0.6705
vn 0.9227 0.3834 -0.0412
vn 0.3281 0.1587 -0.9312
vn -0.2336 0.0043 0.9723
vn -0.4509 0.1214 0.8843
vn 0.9198 0.0960 -0.3806
vn -0.7255 -0.0417 -0.6869
vn 0.2023 -0.0033 0.9793
vn 0.6973 0.2354 -0.6770
vn -0.1257 -0.0681 -0.9897
vn -0.1375 -0.0828 -0.9870
vn -0.1223 -0.0639 -0.9904
vn -0.1075 -0.0456 -0.9932
vn 0.3601 0.9208 0.1501
vn 0.4429 0.1884 0.8766
vn 0.2952 0.0926 -0.9509
vn 0.9931 0.1170 0.0054
vn 0.9949 -0.0083 -0.1005
vn 0.9964 0.0814 -0.0250
vn 0.7180 0.0144 0.6959
vn 0.1433 0.9879 -0.0589
vn 0.1612 0.9841 -0.0750
vn 0.2082 0.9710 -0.1175
vn 0.2280 0.9642 -0.1356
vn 0.2082 0.9710 -0.1176
vn 0.7626 -0.0283 -0.6462
vn 0.7358 -0.0624 -0.6744
vn 0.7348 -0.0636 -0.6753
vn 0.7121 -0.0904 -0.6962
vn -0.0659 0.9705 -0.2318
vn -0.2839 0.9014 -0.3269
vn 0.9810 0.1835 0.0627
vn 0.9964 0.0814 -0.0249
vn -0.0360 0.8036 0.5940
vn -0.0795 0.9613 -0.2640
vn -0.1203 0.9524 -0.2802
vn 0.0009 0.9610 -0.2764
vn -0.1668 0.9776 -0.1282
vn -0.1624 0.9763 -0.1431
vn 0.1169 0.9552 0.2720
vn 0.1167 0.9606 0.2524
vn 0.1165 0.9006 0.4188
vn -0.9112 -0.3875 0.1399
vn -0.9081 -0.4067 0.0995
vn -0.9107 -0.3918 0.1310
vn 0.0639 0.9307 0.3602
vn 0.1157 0.8754 0.4694
vn -0.8697 -0.1221 -0.4782
vn -0.0000 0.8644 0.5028
vn -0.3417 0.0208 -0.9396
vn -0.3395 0.1132 -0.9338
vn -0.3712 -0.0703 -0.9259
vn 0.5006 0.1876 0.8451
vn -0.3075 0.9006 -0.3073
vn 0.1053 -0.4391 0.8923
vn -0.6012 0.1002 -0.7928
vn -0.5563 -0.1976 -0.8072
vn -0.4179 -0.1221 -0.9003
vn -0.4272 -0.1267 -0.8952
vn -0.7144 -0.2266 -0.6620
vn -0.1670 0.9776 -0.1280
vn -0.3348 0.9418 -0.0308
vn -0.3124 0.9493 -0.0355
vn -0.1095 0.1367 0.9845
vn -0.0450 0.9954 0.0849
vn -0.5783 -0.4521 0.6791
vn -0.1624 0.9763 -0.1430
vn 0.0603 -0.9974 -0.0403
vn -0.2488 -0.9681 0.0303
vn 0.0028 -0.9992 -0.0406
vn -0.2059 0.9169 0.3418
vn -0.1801 0.9303 0.3197
vn -0.1274 0.9533 0.2739
vn -0.0973 0.0627 -0.9933
vn -0.0683 0.0914 -0.9935
vn -0.0748 0.0850 -0.9936
vn -0.2722 0.8763 0.3974
vn 0.4485 -0.1983 0.8715
vn -0.7291 0.6523 0.2072
vn -0.7743 -0.3415 0.5328
vn -0.9123 -0.3717 0.1718
vn 0.8341 -0.0053 0.5516
vn 0.8209 -0.2938 0.4897
vn -0.0000 -0.9710 -0.2389
vn -0.3026 -0.8551 -0.4209
vn -0.9397 -0.0171 0.3417
vn 0.2405 -0.9667 -0.0875
vn 0.0652 -0.9899 0.1256
vn 0.2252 -0.9713 -0.0769
vn 0.4026 -0.6446 0.6500
vn 0.5279 -0.5541 0.6436
vn 0.4814 -0.5883 0.6497
vn 0.0812 -0.9939 0.0748
vn 0.0719 -0.9965 -0.0436
vn 0.4495 -0.0959 -0.8881
vn 0.0027 -0.9992 -0.0406
vn -0.2489 -0.9681 0.0303
vn -0.1817 -0.9830 -0.0276
vn -0.2591 -0.9651 0.0373
vn -0.0583 0.1013 -0.9931
vn -0.2227 -0.3496 0.9100
vn 0.9103 0.2487 0.3310
vn 0.9474 -0.0962 -0.3054
vn -0.2547 -0.9664 0.0356
vn 0.0320 -0.9971 0.0696
vn 0.0133 -0.9883 0.1519
vn 0.0727 -0.9965 -0.0421
vn 0.0258 -0.9994 0.0218
vn 0.5844 -0.5031 0.6367
vn 0.5888 -0.5039 0.6320
vn -0.0857 -0.9949 -0.0529
vn -0.5943 -0.6323 -0.4971
vn 0.8567 0.0905 -0.5078
vn -0.0451 -0.9776 0.2057
vn 0.9544 -0.0461 0.2949
vn -0.6534 -0.7557 0.0445
vn 0.1451 -0.8811 0.4501
vn 0.3430 -0.9033 -0.2577
vn 0.3304 -0.9208 -0.2074
vn 0.2913 -0.8642 -0.4103
vn -0.0125 -0.8366 -0.5477
vn -0.0202 -0.8436 -0.5366
vn -0.0169 -0.8406 -0.5414
vn -0.8676 -0.2263 -0.4427
vn -0.9026 -0.2521 -0.3489
vn -0.8667 -0.2269 -0.4442
vn -0.0080 -0.8324 -0.5541
vn 0.3485 -0.9338 -0.0815
vn 0.2913 -0.8642 -0.4104
vn 0.2808 -0.8239 -0.4923
vn -0.3995 -0.6125 -0.6821
vn -0.8666 -0.2269 -0.4444
vn -0.9524 -0.2338 -0.1958
vn -0.1282 -0.9901 -0.0571
vn 0.5777 -0.7645 -0.2862
vn 0.3389 -0.9393 -0.0530
vn 0.3304 -0.9208 -0.2073
vn -0.9595 -0.2543 -0.1207
vn 0.4272 -0.7512 0.5031
vn -0.7319 -0.6521 -0.1975
vn -0.4917 -0.1411 -0.8592
vn -0.5205 -0.1298 -0.8440
vn -0.5486 -0.1436 -0.8237
vn 0.4248 -0.9001 0.0968
vn 0.3881 -0.9193 0.0656
vn 0.3974 -0.9147 0.0734
vn 0.4437 -0.8890 0.1132
vn -0.9038 -0.3748 0.2068
vn -0.8934 -0.3792 0.2409
vn -0.8394 -0.3920 0.3765
vn -0.0196 -0.0472 0.9987
vn -0.0668 -0.1248 0.9899
vn -0.0240 -0.0544 0.9982
vn -0.5573 -0.1769 -0.8113
vn 0.9982 0.0388 -0.0453
vn 0.9964 0.0286 -0.0796
vn 0.9929 0.0173 -0.1173
vn 0.0167 -0.0105 -0.9998
vn -0.0600 -0.0682 -0.9959
vn 0.0484 0.0135 -0.9987
vn -0.5430 -0.2249 -0.8091
vn -0.8157 -0.3945 0.4232
vn -0.3908 -0.2626 0.8822
vn 0.8798 0.0994 -0.4647
vn 0.8077 0.1108 -0.5792
vn 0.8360 0.1316 -0.5328
vn -0.0196 -0.0471 0.9987
vn 0.0129 0.0064 0.9999
vn 0.4752 -0.0064 -0.8799
vn 0.9180 0.1290 -0.3749
vn 0.7132 0.1527 -0.6841
vn -0.9596 -0.2543 -0.1207
vn -0.9781 -0.2079 0.0108
vn 0.9987 0.0502 -0.0067
vn 0.0167 -0.0104 -0.9998
vn 0.0485 0.0135 -0.9987
vn 0.1081 0.0586 -0.9924
vn 0.6318 0.0934 0.7695
vn 0.5936 0.0467 0.8034
vn 0.5759 0.0261 0.8171
vn 0.5442 -0.0094 0.8389
vn 0.5758 0.0260 0.8172
vn -0.5165 -0.6502 -0.5572
vn 0.5091 -0.8596 -0.0443
vn -0.9417 -0.3261 -0.0832
vn 0.1606 -0.9851 0.0611
vn 0.0499 -0.9923 0.1138
vn 0.1449 -0.9874 0.0633
vn -0.0765 -0.9889 -0.1276
vn 0.9339 -0.0905 0.3459
vn 0.8967 -0.0357 0.4412
vn 0.9122 -0.0565 0.4058
vn 0.8576 0.0092 0.5142
vn -0.1369 -0.4879 -0.8621
vn -0.1170 -0.6791 -0.7247
vn -0.1496 -0.5075 -0.8486
vn -0.1170 -0.6791 -0.7246
vn -0.1610 -0.5451 -0.8228
vn -0.1496 -0.5074 -0.8486
vn -0.0142 -0.5626 0.8266
vn -0.0560 -0.5344 0.8434
vn 0.0067 -0.5583 0.8296
vn 0.8308 -0.1213 0.5432
vn 0.0734 0.9868 0.1444
vn -0.7890 -0.6107 0.0680
vn -0.8017 -0.5975 -0.0150
vn -0.7230 -0.6901 -0.0332
vn -0.8047 -0.4734 -0.3583
vn -0.7775 -0.4224 -0.4659
vn 0.1624 -0.9824 -0.0923
vn 0.0893 0.2057 0.9745
vn -0.3594 -0.1584 0.9196
vn -0.3477 -0.0585 0.9358
vn -0.3474 -0.1610 0.9238
vn 0.5450 -0.3460 0.7637
vn -0.3308 -0.0899 0.9394
vn 0.7783 0.0587 0.6251
vn 0.7783 0.0592 0.6251
vn 0.7783 0.0565 0.6253
vn -0.3478 -0.0584 0.9358
vn -0.3629 0.0135 0.9317
vn 0.0262 0.4356 0.8998
vn 0.0535 0.5054 0.8612
vn 0.0280 0.4402 0.8975
vn 0.9297 -0.2476 0.2728
vn 0.9686 -0.0444 0.2446
vn 0.9526 -0.0189 0.3036
vn 0.0190 -0.9885 0.1498
vn -0.0287 -0.9992 0.0288
vn 0.0141 -0.9994 0.0308
vn 0.7783 0.0609 0.6250
vn 0.9632 0.0017 0.2687
vn -0.8374 -0.0887 0.5393
vn -0.8303 -0.0621 0.5539
vn -0.8345 -0.0774 0.5456
vn -0.8269 -0.0508 0.5600
vn 0.3364 0.5001 0.7980
vn 0.0261 0.4355 0.8998
vn 0.0279 0.4402 0.8975
vn 0.0142 0.4042 0.9146
vn 0.9985 0.0389 -0.0392
vn 0.9987 -0.0471 -0.0183
vn 0.9979 -0.0593 -0.0250
vn 0.9951 -0.0982 -0.0142
vn -0.1264 -0.9920 -0.0036
vn -0.1083 -0.9941 -0.0057
vn 0.0868 -0.9962 -0.0016
vn 0.0888 -0.9960 -0.0013
vn 0.0205 -0.9994 -0.0285
vn -0.0179 -0.9996 -0.0237
vn 0.7746 0.0168 -0.6323
vn 0.7837 -0.0169 -0.6209
vn 0.7814 -0.0322 -0.6232
vn -0.7854 0.2489 0.5667
vn 0.9511 0.0256 0.3077
vn 0.7852 -0.0459 -0.6176
vn 0.9004 0.2551 0.3524
vn -0.0370 -0.9897 -0.1384
vn -0.2401 0.7169 0.6546
vn 0.1406 -0.2699 -0.9526
vn -0.9960 -0.0874 -0.0198
vn -0.9981 -0.0595 -0.0127
vn -0.9748 -0.2167 -0.0526
vn 0.9890 -0.1470 -0.0140
vn -0.7613 0.4889 0.4258
vn -0.0630 0.1650 -0.9843
vn -0.0359 0.1340 -0.9903
vn -0.0352 0.1705 -0.9847
vn -0.9701 -0.2357 -0.0574
vn 0.7840 -0.0736 -0.6164
vn 0.9276 0.0088 -0.3735
vn 0.5648 0.7641 0.3115
vn 0.4693 0.8179 0.3329
vn 0.6209 0.7216 0.3062
vn 0.9408 -0.0434 0.3361
vn 0.5956 0.0233 -0.8029
vn 0.6125 0.1063 -0.7833
vn 0.5962 0.0221 -0.8025
vn -0.8490 0.5254 0.0561
vn -0.8066 0.5815 0.1063
vn -0.8899 0.4558 0.0163
vn -0.6544 -0.2299 -0.7203
vn -0.6350 -0.2629 -0.7264
vn -0.7989 -0.1262 -0.5881
vn 0.4274 0.8351 0.3463
vn 0.4555 0.8276 0.3280
vn 0.4556 0.8276 0.3279
vn 0.5648 0.7642 0.3115
vn 0.9585 -0.2252 -0.1746
vn -0.7213 0.2128 -0.6591
vn -0.9939 -0.1104 -0.0000
vn -0.8048 0.2174 -0.5523
vn -0.7845 -0.0054 -0.6201
vn -0.8772 -0.1757 -0.4468
vn -0.7990 -0.1261 -0.5880
vn -0.6545 -0.2299 -0.7203
vn -0.9480 0.1535 -0.2788
vn -0.9522 0.1231 -0.2797
vn -0.9491 0.1462 -0.2790
vn 0.9428 -0.0502 0.3297
vn 0.9408 -0.0435 0.3361
vn -0.1582 0.9838 -0.0849
vn -0.1915 0.9792 -0.0679
vn -0.1691 0.9824 -0.0798
vn -0.3163 0.9487 -0.0000
vn -0.1109 0.9852 -0.1305
vn -0.4374 0.8296 -0.3472
vn -0.5999 0.7958 0.0823
vn -0.8847 -0.2190 -0.4115
vn -0.0900 0.1696 -0.9814
vn -0.9065 0.4219 -0.0175
vn -0.0692 0.9647 0.2542
vn -0.0629 0.9629 0.2624
vn -0.0714 0.9653 0.2513
vn 0.6472 -0.1009 0.7556
vn -0.8173 0.0773 -0.5710
vn -0.7751 0.1338 -0.6175
vn -0.7947 0.1701 -0.5826
vn -0.0775 0.9956 0.0534
vn -0.1097 0.9928 0.0478
vn -0.0938 0.9943 0.0506
vn -0.1274 0.9908 0.0447
vn 0.5807 -0.0449 -0.8129
vn 0.5956 0.0232 -0.8029
vn -0.1351 0.2069 -0.9690
vn -0.0781 0.9670 0.2423
vn -0.9069 0.4212 0.0062
vn 0.5817 -0.0465 -0.8121
vn 0.2486 0.1356 0.9591
vn 0.2101 0.1050 0.9720
vn 0.2082 0.1036 0.9726
vn 0.0954 0.9607 0.2608
vn -0.8254 0.0844 -0.5583
vn -0.9466 0.1626 -0.2785
vn 0.1922 0.0909 0.9771
vn 0.3233 0.9439 0.0671
vn 0.9436 -0.3090 -0.1192
vn 0.9851 -0.1691 -0.0296
vn 0.9758 -0.2130 -0.0502
vn 0.9864 -0.1644 -0.0000
vn -0.4874 0.8732 -0.0000
vn 0.9300 -0.3356 -0.1500
vn 0.8795 -0.2880 -0.3788
vn 0.9122 -0.2115 -0.3510
vn 0.8911 -0.2693 -0.3652
vn 0.9265 -0.1544 -0.3431
vn -0.9830 -0.1716 0.0659
vn -0.5582 -0.8282 0.0502
vn 0.1359 0.0326 -0.9902
vn -0.2398 -0.0444 0.9698
vn 0.8790 -0.2881 -0.3799
vn -0.1242 -0.1333 -0.9833
vn 0.8994 -0.3842 -0.2086
vn -0.5853 0.6344 -0.5049
vn 0.3447 -0.9321 -0.1109
vn 0.3447 -0.9327 -0.1062
vn 0.3444 -0.9357 -0.0765
vn 0.3446 -0.9288 -0.1365
vn 0.6711 -0.7411 -0.0189
vn -0.6925 -0.5425 0.4756
vn 0.1490 -0.2542 0.9556
vn 0.7389 0.4288 -0.5198
vn 0.7378 0.4208 -0.5279
vn 0.7336 0.3952 -0.5529
vn 0.7274 0.3636 -0.5820
vn -0.3114 0.8935 0.3234
vn -0.4279 0.8149 0.3910
vn -0.4147 0.8252 0.3835
vn -0.4537 0.7936 0.4054
vn -0.5463 0.0733 -0.8343
vn -0.8388 -0.0506 -0.5421
vn -0.8498 -0.0809 -0.5209
vn -0.8282 0.0407 0.5589
vn 0.1811 0.9834 -0.0125
vn 0.5553 0.2776 -0.7840
vn -0.1118 0.8937 0.4344
vn -0.0937 0.9079 0.4085
vn -0.0551 0.9343 0.3522
vn -0.0539 0.9350 0.3504
vn -0.8388 -0.0506 -0.5422
vn -0.9942 -0.0728 -0.0791
vn -0.0208 0.9421 -0.3347
vn -0.1264 0.9370 -0.3257
vn -0.0578 0.9415 -0.3320
vn -0.0747 -0.9957 0.0557
vn -0.0570 -0.9978 0.0346
vn -0.0667 -0.9966 0.0476
vn -0.5833 0.1683 0.7946
vn -0.9768 0.1367 0.1650
vn -0.0249 0.9585 -0.2839
vn 0.5900 -0.1667 -0.7901
vn 0.5980 -0.1820 -0.7805
vn 0.6006 -0.1870 -0.7774
vn -0.4226 -0.4832 0.7667
vn 0.0875 -0.9961 -0.0089
vn 0.0691 -0.9976 0.0038
vn 0.0864 -0.9962 -0.0076
vn -0.2178 -0.0695 0.9735
vn 0.3293 -0.0655 0.9419
vn 0.1488 -0.9463 -0.2871
vn 0.1638 -0.9374 -0.3075
vn 0.1440 -0.9490 -0.2805
vn 0.0700 -0.9753 -0.2097
vn -0.3772 -0.8135 -0.4426
vn -0.6903 -0.2974 0.6596
vn 0.2634 -0.9597 -0.0981
vn -0.2095 -0.3495 0.9132
vn -0.3469 -0.2032 -0.9156
vn 0.4576 -0.2466 -0.8543
vn -0.8383 -0.5048 -0.2058
vn 0.8623 0.1439 -0.4855
vn 0.8836 0.1648 -0.4383
vn 0.9396 0.1120 -0.3234
vn 0.6084 -0.2023 -0.7674
vn 0.9564 -0.2872 -0.0535
vn 0.9618 -0.2574 -0.0935
vn 0.9581 -0.2793 -0.0642
vn 0.2408 -0.6737 0.6987
vn 0.1868 -0.6204 0.7617
vn 0.0068 -0.5583 0.8296
vn -0.5857 -0.4635 0.6649
vn 0.8470 -0.4232 0.3218
vn 0.2945 0.0991 0.9505
vn 0.4506 0.1021 0.8869
vn 0.3440 0.1114 0.9323
vn -0.3542 0.5156 0.7802
vn 0.1160 0.9924 0.0421
vn -0.7434 -0.6647 0.0749
vn -0.6985 -0.6954 -0.1685
vn 0.0478 -0.9984 -0.0312
vn 0.1323 -0.9552 -0.2647
vn 0.1488 -0.9463 -0.2870
vn -0.1659 -0.9860 -0.0161
vn -0.1434 -0.9893 -0.0271
vn -0.1080 -0.9927 -0.0543
vn 0.7676 0.1903 0.6121
vn -0.0137 0.9996 -0.0245
vn -0.0349 0.9975 -0.0622
vn -0.0294 -0.6608 0.7500
vn 0.1371 0.9905 0.0087
vn 0.6683 0.7428 0.0394
vn -0.3858 -0.2509 -0.8878
vn 0.9031 0.0748 -0.4229
vn 0.9112 0.0708 -0.4059
vn 0.9463 0.0503 -0.3194
vn 0.8061 -0.2338 -0.5437
vn 0.8415 -0.2032 -0.5007
vn 0.8202 -0.2220 -0.5273
vn 0.0695 -0.9975 0.0157
vn 0.7588 0.1689 0.6290
vn -0.8614 0.0906 0.4998
vn -0.9113 0.0376 0.4100
vn -0.8694 0.0830 0.4872
vn -0.9459 -0.0106 0.3242
vn -0.1768 0.5118 0.8407
vn 0.3505 0.0986 0.9313
vn -0.3677 -0.6504 0.6647
vn -0.2370 -0.9231 0.3028
vn -0.8194 -0.1621 0.5498
vn 0.6767 0.7358 0.0250
vn -0.5500 -0.7566 -0.3538
vn -0.3442 0.8224 -0.4531
vn 0.9265 -0.2968 -0.2313
vn 0.0455 -0.9988 -0.0204
vn 0.1721 0.8426 0.5103
vn 0.1700 0.8285 0.5336
vn 0.1805 0.9007 0.3953
vn 0.9509 -0.3087 -0.0239
vn 0.6153 -0.6078 0.5020
vn 0.8775 0.0307 -0.4786
vn 0.9584 0.2264 -0.1736
vn 0.3147 -0.0963 0.9443
vn -0.6819 0.7310 -0.0265
vn -0.6740 0.7381 -0.0285
vn 0.9546 0.0444 -0.2945
vn 0.9112 0.0708 -0.4058
vn 0.8075 -0.4821 -0.3399
vn -0.0040 0.9927 0.1208
vn 0.0393 0.9403 -0.3381
vn 0.3543 -0.9133 0.2008
vn 0.4828 -0.8223 0.3012
vn 0.3712 -0.9036 0.2138
vn -0.5976 -0.7948 0.1058
vn -0.4994 -0.8664 -0.0013
vn -0.3500 -0.8854 -0.3059
vn 0.3967 -0.9065 0.1445
vn 0.8590 -0.1864 -0.4768
vn 0.3324 -0.9250 0.1840
vn 0.6802 0.3990 0.6150
vn 0.7238 0.3372 0.6019
vn -0.0913 0.9948 -0.0450
vn 0.7992 -0.1051 0.5918
vn 0.1818 -0.2298 -0.9561
vn 0.2147 -0.3432 -0.9144
vn 0.1901 -0.2580 -0.9473
vn 0.9524 0.1220 -0.2793
vn -0.8382 -0.5402 -0.0755
vn -0.5859 0.5523 -0.5930
vn -0.1660 0.1280 -0.9778
vn -0.0368 0.2254 -0.9736
vn -0.0702 0.1851 -0.9802
vn 0.0630 -0.9916 -0.1125
vn 0.8185 -0.2668 0.5089
vn 0.0297 -0.5519 0.8334
vn 0.0622 -0.9970 0.0464
vn 0.6830 -0.3838 0.6215
vn -0.9037 -0.1502 0.4010
vn 0.0512 0.9926 0.1098
vn 0.4272 0.1278 0.8951
vn 0.5365 0.1539 0.8297
vn 0.4918 0.1433 0.8588
vn 0.1805 0.9007 0.3952
vn 0.1827 0.9168 0.3551
vn 0.4239 -0.8891 0.1726
vn -0.6985 -0.6955 -0.1686
vn -0.4993 -0.8402 -0.2117
vn -0.2527 0.2406 -0.9372
vn -0.2325 0.1921 -0.9534
vn 0.0942 -0.9923 -0.0801
vn 0.2715 0.9582 -0.0904
vn 0.2978 0.9509 -0.0845
vn 0.2217 0.9698 -0.1013
vn 0.1676 0.8203 -0.5468
vn 0.5932 -0.4678 0.6552
vn 0.0296 -0.5519 0.8334
vn -0.0210 -0.5500 0.8349
vn 0.2433 0.0885 0.9659
vn 0.2244 0.0295 0.9741
vn 0.2388 -0.4306 -0.8704
vn 0.0925 -0.9926 -0.0781
vn -0.2453 -0.9595 0.1385
vn -0.0881 -0.6672 -0.7397
vn -0.0990 -0.7692 -0.6313
vn 0.4538 0.8810 0.1341
vn -0.0857 -0.9957 -0.0347
vn -0.7073 -0.0488 -0.7052
vn -0.6443 0.0334 -0.7640
vn -0.6853 0.0745 -0.7245
vn 0.0067 -1.0000 -0.0064
vn -0.0340 0.0371 0.9987
vn -0.4319 0.7957 0.4246
vn 0.5249 -0.6962 -0.4898
vn 0.8190 0.1768 -0.5458
vn -0.1400 -0.8022 -0.5803
vn 0.2519 -0.7416 -0.6217
vn 0.4240 -0.6946 -0.5811
vn 0.3370 -0.7114 -0.6167
vn 0.0882 -0.9815 0.1702
vn 0.0831 -0.9852 0.1497
vn 0.0443 -0.9978 0.0492
vn -0.0918 0.9951 -0.0357
vn -0.1220 0.9886 -0.0885
vn -0.0861 0.9958 -0.0316
vn 0.9528 0.1133 0.2815
vn 0.9284 0.1485 0.3406
vn 0.9141 0.1068 0.3912
vn -0.3522 -0.9053 -0.2376
vn -0.6853 0.0745 -0.7244
vn -0.7152 -0.0262 -0.6985
vn 0.0879 0.9941 -0.0632
vn 0.0624 0.9975 -0.0343
vn 0.0661 0.9971 -0.0376
vn 0.8745 -0.3510 0.3349
vn 0.9116 -0.3264 0.2497
vn 0.8898 -0.3439 0.3001
vn 0.4116 0.1240 0.9029
vn 0.4271 0.1278 0.8951
vn 0.8002 -0.0851 0.5937
vn -0.6944 -0.0023 0.7196
vn -0.3133 0.9223 -0.2261
vn 0.2842 0.8642 0.4152
vn 0.2897 0.8437 0.4518
vn 0.2602 0.9245 0.2786
vn 0.1830 0.9545 0.2354
vn 0.2604 0.9501 0.1718
vn 0.4937 -0.8696 0.0075
vn -0.0041 0.3892 0.9212
vn -0.6825 -0.1059 0.7232
vn -0.6538 0.0522 0.7548
vn -0.6792 -0.0813 0.7294
vn -0.7376 0.5180 0.4332
vn 0.1972 -0.9589 -0.2039
vn 0.0018 -1.0000 0.0080
vn 0.0067 -1.0000 -0.0063
vn -0.0984 0.0716 -0.9926
vn 0.2009 0.9739 -0.1057
vn -0.0958 -0.9952 -0.0220
vn 0.9122 -0.3435 0.2235
vn 0.7129 0.3517 0.6067
vn 0.2567 0.9310 0.2596
vn 0.2843 0.8642 0.4151
vn 0.2604 0.9244 0.2786
vn -0.1148 0.9917 -0.0576
vn 0.9284 0.1485 0.3407
vn 0.8828 0.2689 0.3851
vn 0.8222 0.2397 0.5163
vn 0.6039 -0.7309 0.3178
vn 0.4316 -0.8788 -0.2034
vn 0.4722 -0.8378 -0.2741
vn 0.4680 -0.8426 -0.2665
vn -0.3525 -0.1005 -0.9304
vn 0.1210 -0.9755 0.1839
vn -0.4654 -0.3496 0.8131
vn -0.4714 -0.3538 0.8078
vn -0.4711 -0.3536 0.8081
vn -0.3463 -0.1025 0.9325
vn -0.3416 -0.1121 0.9331
vn -0.1712 -0.1094 0.9791
vn 0.8132 -0.4371 0.3843
vn 0.8744 -0.3510 0.3349
vn 0.0341 -0.9978 0.0571
vn -0.8406 -0.0311 0.5408
vn -0.7976 -0.0877 0.5968
vn -0.7731 -0.1163 0.6235
vn 0.4503 0.1037 0.8868
vn 0.4122 0.0717 0.9083
vn 0.4051 0.0659 0.9119
vn 0.6280 -0.1489 0.7638
vn 0.8287 -0.1013 0.5505
vn 0.7874 -0.0157 0.6163
vn 0.9140 0.1068 0.3913
vn -0.4751 -0.3564 0.8045
vn 0.7259 0.0043 -0.6878
vn 0.7208 -0.0375 -0.6922
vn 0.7206 -0.0048 -0.6933
vn 0.0140 0.9994 -0.0318
vn 0.5048 -0.1855 -0.8430
vn 0.6281 -0.1664 -0.7602
vn 0.5940 -0.1301 -0.7939
vn 0.0168 -0.9998 0.0116
vn -0.3882 0.9150 -0.1097
vn -0.1267 0.9871 -0.0982
vn 0.9141 0.1068 0.3913
vn 0.8085 0.3869 0.4435
vn 0.3441 -0.9373 -0.0549
vn 0.2202 -0.0103 0.9754
vn 0.8408 0.1276 -0.5261
vn 0.8448 0.1200 -0.5214
vn 0.8384 0.1321 -0.5288
vn 0.7689 0.1365 -0.6247
vn 0.4816 -0.6292 -0.6100
vn 0.7011 0.0985 0.7063
vn 0.5928 0.1643 0.7884
vn 0.6141 0.1705 0.7706
vn -0.8558 -0.0084 0.5172
vn 0.3553 0.0253 0.9344
vn 0.6897 0.0422 -0.7229
vn 0.7005 0.0366 -0.7127
vn 0.0062 0.9998 -0.0188
vn 0.4397 -0.2797 -0.8535
vn 0.5048 -0.1855 -0.8431
vn 0.4971 -0.1439 -0.8557
vn -0.1390 -0.9895 0.0386
vn 0.0115 -0.9999 -0.0024
vn -0.2000 -0.2509 -0.9471
vn -0.2140 -0.2161 -0.9527
vn -0.1611 -0.3431 -0.9254
vn -0.2100 -0.1461 0.9667
vn -0.1712 -0.1094 0.9792
vn -0.3416 -0.1122 0.9331
vn 0.1792 -0.7731 -0.6085
vn -0.1315 -0.9886 -0.0736
vn -0.2731 -0.8335 0.4803
vn -0.9378 -0.1310 -0.3215
vn 0.1317 -0.8330 0.5374
vn 0.2532 -0.2228 0.9414
vn 0.2840 -0.3880 0.8768
vn 0.2702 -0.3094 0.9117
vn 0.4279 -0.8820 -0.1972
vn 0.8351 0.1381 -0.5325
vn 0.0456 -0.9924 -0.1146
vn 0.0925 -0.9926 -0.0782
vn 0.0619 -0.9917 -0.1123
vn 0.1552 -0.7198 -0.6766
vn 0.1056 -0.3949 0.9126
vn -0.3807 -0.1432 -0.9135
vn -0.5820 -0.2546 -0.7723
vn -0.4752 -0.1177 -0.8720
vn -0.9518 -0.1054 0.2882
vn 0.3684 -0.5180 0.7720
vn -0.6861 -0.1385 0.7142
vn -0.6825 -0.1060 0.7232
vn -0.6792 -0.0814 0.7294
vn 0.0620 -0.9917 -0.1122
vn -0.7758 0.0441 -0.6295
vn -0.9045 0.0664 0.4212
vn -0.9068 0.0657 0.4165
vn -0.9042 0.0665 0.4220
vn -0.3771 -0.9218 -0.0901
vn -0.1440 -0.3813 -0.9132
vn -0.1292 -0.9883 -0.0808
vn -0.3806 -0.1432 -0.9136
vn -0.4751 -0.1176 -0.8720
vn -0.3720 -0.1345 -0.9184
vn 0.7874 -0.0156 0.6163
vn -0.8140 -0.3010 0.4968
vn -0.8135 -0.2735 0.5132
vn -0.8134 -0.3357 0.4750
vn -0.5011 0.7859 -0.3622
vn 0.5622 0.1675 -0.8098
vn 0.5748 0.1601 -0.8025
vn 0.5495 0.1749 -0.8170
vn 0.0038 -1.0000 -0.0005
vn -0.0201 -0.0926 0.9955
vn -0.7247 -0.2615 0.6375
vn -0.7428 -0.2356 0.6267
vn -0.7870 -0.1478 0.5990
vn -0.3013 0.0966 0.9486
vn -0.2187 0.0075 0.9758
vn -0.3131 0.1007 0.9444
vn -0.9038 0.0666 0.4228
vn -0.2592 -0.9652 0.0333
vn 0.5833 0.1550 -0.7974
vn -0.4100 -0.5729 0.7097
vn 0.3485 -0.9364 -0.0405
vn 0.4203 -0.8597 0.2904
vn -0.4509 -0.3571 -0.8181
vn 0.0076 -1.0000 -0.0057
vn 0.5486 -0.1406 0.8242
vn 0.5609 0.1914 0.8054
vn -0.3131 0.1007 0.9443
vn -0.3391 0.1951 0.9203
vn 0.1514 -0.7794 -0.6080
vn 0.2107 -0.7143 -0.6674
vn 0.1932 -0.7347 -0.6503
vn -0.0117 0.9995 0.0307
vn 0.1455 -0.5140 -0.8453
vn 0.2551 -0.4762 -0.8415
vn 0.1201 -0.5217 -0.8446
vn 0.4971 -0.1438 -0.8557
vn 0.5048 -0.1854 -0.8431
vn 0.0042 -0.7896 0.6136
vn -0.0311 -0.8322 0.5537
vn -0.0192 -0.8184 0.5743
vn -0.0440 -0.8463 0.5308
vn 0.0434 -0.9952 0.0873
vn 0.0244 -0.9997 -0.0061
vn 0.0388 -0.9926 0.1151
vn 0.0701 -0.9965 -0.0455
vn 0.1969 -0.8626 0.4660
vn 0.9967 -0.0631 0.0511
vn 0.9571 0.0526 0.2851
vn 0.9932 -0.0300 0.1121
vn 0.9494 0.0601 0.3082
vn 0.0110 0.9988 0.0478
vn 0.0162 0.9984 0.0545
vn 0.0328 0.9966 0.0759
vn 0.0356 0.9962 0.0795
vn -0.2132 -0.0203 0.9768
vn -0.0116 0.9993 0.0342
vn -0.0033 -0.6009 0.7993
vn -0.0000 0.9955 -0.0943
vn 0.0482 -0.0000 -0.9988
vn 1.0000 -0.0000 -0.0001
vn -0.0263 -0.0000 -0.9997
vn -0.0264 -0.9996 -0.0065
vn 0.0063 -0.9969 0.0782
vn -0.0176 -0.9998 0.0126
vn 0.0079 -0.9967 0.0809
vn -0.0000 -0.9998 0.0175
vn -0.1377 -0.9904 0.0096
vn -0.0000 -0.4475 0.8943
vn 0.3664 -0.9301 0.0274
vn 0.9931 -0.1171 0.0022
vn 0.9932 -0.1161 0.0012
vn -0.6443 0.0335 -0.7640
vn -0.5418 0.0552 -0.8387
vn -0.5796 0.0712 -0.8118
vn -0.9967 0.0710 0.0384
vn -0.2816 -0.1966 -0.9392
vn 0.0701 -0.9965 -0.0454
vn 0.0773 -0.9960 -0.0455
vn 0.0772 -0.9959 -0.0464
vn 0.0177 -0.9985 -0.0526
vn -0.0778 -0.9967 0.0216
vn 0.0817 -0.7150 0.6944
vn 0.2113 0.3582 0.9094
vn 0.1076 0.3903 0.9144
vn 0.2521 0.3442 0.9044
vn 0.6015 0.2562 0.7567
vn -0.2904 0.2330 0.9281
vn -0.9761 -0.1379 0.1682
vn -0.9844 -0.0231 0.1746
vn -0.9401 -0.3287 0.0905
vn -0.6957 -0.3078 0.6491
vn -0.7428 -0.2357 0.6267
vn -0.7247 -0.2616 0.6375
vn 0.0317 -0.5396 0.8413
vn 0.0053 -1.0000 -0.0054
vn -0.0776 -0.9967 0.0216
vn 0.2777 0.3350 0.9004
vn -0.3770 -0.9218 -0.0900
vn -0.2133 -0.9760 0.0432
vn 0.1336 -0.7969 -0.5891
vn -0.2114 -0.7822 -0.5861
vn -0.1702 -0.9830 0.0682
vn 0.4828 -0.1693 0.8592
vn -0.8114 -0.3709 0.4517
vn -0.6931 -0.3037 0.6538
vn 0.2382 -0.1532 0.9591
vn 0.8503 -0.5087 -0.1347
vn 0.2128 -0.9201 -0.3289
vn 0.2042 -0.9252 -0.3198
vn 0.2016 -0.9258 -0.3198
vn -0.6374 0.2694 -0.7219
vn 0.0405 -0.0445 0.9982
vn 0.0017 -0.5753 -0.8179
vn -0.1491 -0.9861 -0.0730
vn 0.0411 -0.5249 0.8501
vn 0.5855 -0.0429 -0.8096
vn 0.0045 -1.0000 -0.0033
vn 0.0102 -0.5505 -0.8347
vn 0.1200 -0.5218 -0.8446
vn 0.5187 -0.8104 0.2724
vn 0.6711 0.6171 -0.4108
vn 0.7428 0.5592 -0.3682
vn 0.6973 0.5973 -0.3962
vn 0.2976 -0.9528 0.0597
vn -0.5943 0.5737 0.5636
vn -0.8055 -0.4294 -0.4084
vn 0.3634 -0.0056 -0.9316
vn 0.3912 -0.0183 -0.9201
vn 0.3765 -0.0116 -0.9264
vn 0.3295 -0.1376 0.9341
vn 0.2888 -0.1753 0.9412
vn 0.3410 -0.1267 0.9315
vn -0.2656 -0.9583 0.1053
vn 0.0068 -0.1217 -0.9925
vn -0.0020 -0.1319 -0.9913
vn 0.0058 -0.1229 -0.9924
vn 0.6512 0.6312 -0.4213
vn 0.4307 0.2521 0.8666
vn 0.1946 -0.9093 -0.3678
vn -0.5445 -0.1823 0.8187
vn -0.6420 0.2900 0.7097
vn -0.9855 -0.1592 -0.0587
vn -0.6296 0.2226 -0.7443
vn -0.5797 0.0712 -0.8117
vn -0.1517 -0.7520 -0.6414
vn -0.1932 -0.6590 -0.7269
vn -0.1612 -0.7322 -0.6617
vn -0.2131 -0.6070 -0.7656
vn 0.3462 0.0022 -0.9382
vn -0.1551 -0.8883 0.4322
vn 0.4475 0.1445 0.8826
vn 0.4666 0.1669 0.8686
vn 0.4763 -0.1923 0.8580
vn -0.8971 0.2479 -0.3657
vn 0.2744 0.0970 -0.9567
vn 0.2873 0.1088 -0.9516
vn 0.2831 0.1049 -0.9534
vn -0.2200 -0.9661 0.1351
vn 0.4705 0.8816 -0.0379
vn 0.3635 0.0534 0.9301
vn 0.3383 0.1618 0.9270
vn -0.9476 -0.2897 0.1343
vn 0.0084 -0.0522 -0.9986
vn 0.0169 -0.0592 -0.9981
vn 0.0209 -0.0625 -0.9978
vn 0.0278 -0.0682 -0.9973
vn 0.0124 -0.1152 -0.9933
vn 0.0126 -0.8968 -0.4422
vn -0.8860 -0.4047 -0.2265
vn 0.2951 0.1160 -0.9484
vn -0.5063 -0.8317 -0.2277
vn -0.4426 -0.8905 -0.1059
vn -0.4623 -0.8807 -0.1034
vn 0.3441 -0.1324 -0.9296
vn 0.2765 -0.1707 -0.9457
vn 0.3489 -0.1386 -0.9268
vn -0.0053 0.0403 0.9992
vn 0.0075 0.0395 0.9992
vn 0.0363 0.0524 0.9980
vn -0.4745 -0.7922 -0.3837
vn -0.5224 -0.7299 -0.4409
vn -0.5226 -0.7292 -0.4417
vn 0.0286 -0.9848 -0.1712
vn -0.0017 -1.0000 0.0081
vn -0.3491 -0.9352 0.0587
vn 0.0037 -0.8979 0.4401
vn 0.0882 0.0492 0.9949
vn -0.3478 -0.9256 0.1491
vn -0.3478 -0.9256 0.1494
vn -0.3800 -0.9107 0.1617
vn -0.9132 -0.4037 0.0562
vn -0.7074 -0.4099 -0.5757
vn 0.0583 0.0415 0.9974
vn -0.8092 0.2964 0.5072
vn -0.8947 0.2403 0.3764
vn -0.8656 0.2471 0.4355
vn -0.5113 -0.7461 -0.4265
vn -0.4569 -0.8119 -0.3633
vn 0.4271 0.1621 -0.8896
vn -0.5035 -0.5515 -0.6650
vn 0.0133 -0.9999 0.0079
vn -0.0152 -0.9990 0.0413
vn -0.0044 -0.9977 0.0682
vn -0.9263 -0.1561 -0.3430
vn -0.5684 0.6707 -0.4764
vn -0.6122 0.6450 -0.4573
vn -0.6891 0.6126 -0.3871
vn 0.0009 -0.9999 0.0116
vn 0.1853 -0.5289 0.8282
vn 0.3355 -0.4571 0.8237
vn 0.1853 -0.5237 0.8315
vn 0.0159 -0.9999 -0.0023
vn 0.0133 -0.9999 0.0078
vn -0.0043 -0.9977 0.0682
vn 0.0365 0.9258 0.3763
vn -0.8214 0.0095 0.5702
vn -0.8833 0.0358 0.4675
vn -0.8338 0.0144 0.5519
vn -0.8904 0.0392 0.4536
vn -0.0018 -0.9963 -0.0855
vn 0.3883 -0.0805 0.9180
vn 0.3945 -0.1185 -0.9112
vn -0.0071 -1.0000 0.0042
vn -0.0072 -1.0000 0.0039
vn -0.0034 0.0295 0.9996
vn -0.5223 -0.7300 -0.4408
vn 0.0095 -0.5816 0.8135
vn 0.0457 -0.5659 0.8232
vn 0.2407 0.1185 0.9633
vn 0.3039 0.1044 0.9470
vn 0.3026 0.1031 0.9475
vn 0.4306 0.2521 0.8666
vn 0.2655 0.2799 0.9226
vn 0.2967 0.2325 0.9262
vn -0.4390 -0.8783 0.1894
vn -0.8316 -0.1336 0.5391
vn -0.8071 -0.1419 0.5731
vn -0.8329 -0.1331 0.5372
vn 0.0025 0.9993 0.0383
vn 0.0199 0.9977 0.0648
vn 0.0342 0.0999 0.9944
vn 0.0329 0.1010 0.9943
vn 0.1946 -0.9093 -0.3679
vn -0.0503 -0.8785 -0.4751
vn -0.4782 -0.8533 0.2079
vn -0.7363 -0.4207 0.5300
vn -0.8551 -0.1247 0.5032
vn 0.0837 -0.0433 -0.9956
vn 0.0210 -0.0850 -0.9962
vn -0.0279 -0.0544 -0.9981
vn -0.5402 -0.7989 -0.2646
vn -0.5064 -0.8317 -0.2277
vn -0.4624 -0.8806 -0.1034
vn -0.0141 0.9999 -0.0018
vn -0.0129 0.9999 -0.0080
vn -0.0231 0.9987 0.0460
vn 0.2967 0.2324 0.9262
vn -0.0323 -0.9878 -0.1525
vn 0.8450 -0.4552 0.2805
vn 0.3818 -0.1396 -0.9136
vn 0.3042 0.1047 0.9468
vn 0.1580 0.1026 0.9821
vn -0.0246 0.9982 0.0542
vn -0.0496 -0.0776 -0.9957
vn -0.4623 -0.8807 -0.1033
vn -0.4176 -0.9086 0.0059
vn 0.0304 -0.0237 0.9993
vn 0.0366 -0.0030 0.9993
vn -0.5965 0.7943 0.1148
vn -0.1494 -0.0184 -0.9886
vn -0.2103 0.0779 0.9745
vn -0.2652 0.0510 0.9628
vn -0.2886 0.0393 0.9566
vn -0.0169 -0.9993 0.0345
vn -0.8501 0.5191 -0.0885
vn -0.0173 0.0995 -0.9949
vn 0.0042 0.0815 -0.9967
vn -0.0154 0.0979 -0.9951
vn -0.3508 0.0076 0.9364
vn -0.2887 0.0393 0.9566
vn -0.2653 0.0510 0.9628
vn -0.0093 0.1083 0.9941
vn -0.4288 -0.8980 0.0980
vn -0.2866 -0.9111 0.2963
vn -0.4080 -0.9058 0.1141
vn -0.0378 0.1166 -0.9925
vn -0.0104 -0.9999 0.0012
vn -0.8948 0.2403 0.3764
vn -0.9885 -0.0337 0.1476
vn -0.8656 0.2471 0.4354
vn -0.6584 0.7016 -0.2725
vn -0.5348 -0.8419 0.0720
vn 0.1190 -0.0020 -0.9929
vn 0.1428 -0.0389 -0.9890
vn 0.0788 0.0593 -0.9951
vn 0.0094 -0.5816 0.8134
vn 0.0456 -0.5659 0.8232
vn -0.1381 -0.5823 0.8011
vn 0.0238 0.9974 0.0677
vn -0.2154 0.0979 0.9716
vn -0.8600 -0.5082 0.0462
vn -0.8524 -0.5222 0.0268
vn -0.8584 -0.5113 0.0419
vn 0.0842 0.0611 0.9946
vn 0.0343 0.0999 0.9944
vn 0.0842 0.0610 0.9946
vn -0.6356 0.7330 -0.2423
vn -0.0079 -1.0000 -0.0005
vn -0.6004 0.1029 -0.7930
vn -0.5636 0.0573 -0.8241
vn -0.5914 0.0916 -0.8011
vn 0.0579 0.4701 0.8807
vn -0.8652 -0.4977 0.0605
vn 0.0531 0.0981 -0.9938
vn 0.8131 -0.3160 -0.4889
vn -0.0170 -0.9997 0.0157
vn -0.0173 -0.9998 0.0117
vn -0.8681 0.1517 -0.4726
vn -0.8667 0.1123 -0.4861
vn -0.8627 0.2750 -0.4244
vn -0.0355 -0.9968 -0.0715
vn -0.0052 -0.9999 -0.0148
vn -0.7095 0.0279 0.7041
vn -0.6923 0.0120 0.7215
vn -0.7007 0.0196 0.7132
vn -0.8527 0.1596 0.4975
vn -0.8337 0.5438 -0.0957
vn -0.1823 -0.9011 -0.3934
vn -0.6264 0.1370 -0.7674
vn -0.6004 0.1030 -0.7930
vn -0.5915 0.0916 -0.8011
vn -0.3872 -0.7367 0.5544
vn -0.1593 0.1450 0.9765
vn -0.1835 -0.9090 -0.3742
vn -0.1735 -0.9176 -0.3576
vn -0.9885 -0.0338 0.1476
vn -0.9811 -0.0359 0.1900
vn -0.2752 -0.9095 0.3115
vn -0.4073 0.1335 0.9035
vn -0.2277 0.3077 0.9238
vn -0.1888 0.2198 0.9571
vn -0.2599 0.2544 0.9315
vn -0.4214 0.0153 -0.9068
vn -0.4085 0.0049 -0.9127
vn -0.4164 0.0112 -0.9091
vn -0.7421 -0.2119 -0.6358
vn -0.0482 -0.9980 -0.0413
vn -0.1759 0.8960 -0.4078
vn 0.0238 0.9975 0.0670
vn 0.0200 0.9977 0.0649
vn -0.3744 0.1382 -0.9169
vn -0.3183 0.0937 -0.9433
vn -0.3643 0.1301 -0.9221
vn -0.9892 0.1313 -0.0659
vn -0.9861 0.0608 -0.1549
vn -0.9890 0.0920 -0.1159
vn -0.1326 0.9340 -0.3318
vn -0.3549 -0.2956 -0.8869
vn 0.1660 0.9859 0.0232
vn 0.2837 0.9588 -0.0131
vn 0.0545 0.9974 0.0472
vn -0.2526 0.9529 0.1678
vn -0.1879 -0.0243 -0.9819
vn -0.2371 0.0544 -0.9700
vn -0.2092 0.0095 -0.9778
vn -0.0188 -0.9993 -0.0310
vn -0.0073 -1.0000 -0.0000
vn -0.0249 0.0697 0.9973
vn -0.1108 0.1552 0.9816
vn -0.2927 -0.9283 -0.2295
vn -0.4291 -0.8548 -0.2919
vn -0.3633 -0.8984 -0.2468
vn -0.8587 0.3071 -0.4103
vn -0.8681 0.1518 -0.4726
vn -0.8627 0.2751 -0.4244
vn 0.0201 0.9994 0.0279
vn 0.1659 0.9859 0.0232
vn -0.8329 0.4745 0.2849
vn -0.8135 -0.0367 -0.5804
vn -0.8319 -0.0044 -0.5549
vn -0.8590 0.0360 -0.5107
vn -0.4266 0.0196 -0.9042
vn -0.5721 -0.0127 0.8201
vn -0.6278 0.0916 0.7729
vn -0.6796 0.0989 0.7268
vn -0.1049 -0.9868 -0.1234
vn -0.6852 0.0056 0.7283
vn -0.9919 -0.1183 0.0462
vn -0.2618 0.0951 -0.9604
vn -0.4348 0.1213 0.8923
vn -0.1770 0.2304 0.9569
vn -0.2732 0.2434 0.9307
vn -0.3049 -0.9399 -0.1539
vn -0.3046 -0.9365 -0.1739
vn -0.9778 0.0171 -0.2086
vn -0.7020 -0.0093 -0.7121
vn -0.4155 0.1714 -0.8933
vn -0.9950 0.0127 0.0987
vn -0.0352 0.2124 0.9765
vn -0.1633 -0.9783 -0.1273
vn -0.8135 -0.5322 0.2344
vn -0.9170 0.0689 -0.3929
vn -0.9123 0.1500 -0.3811
vn -0.9132 0.1480 -0.3796
vn -0.9231 0.1256 -0.3635
vn -0.7815 -0.5184 -0.3471
vn -0.9499 -0.0023 0.3127
vn -0.9526 -0.0094 0.3042
vn -0.9536 -0.0123 0.3008
vn -0.0220 -0.9996 0.0202
vn -0.1210 0.1455 -0.9819
vn -0.0511 -0.9980 -0.0378
vn -0.9045 0.1663 -0.3927
vn -0.9123 0.1501 -0.3811
vn -0.9991 -0.0407 -0.0126
vn -0.9558 -0.0184 0.2934
vn -0.7202 -0.4251 0.5482
vn -0.0800 -0.9875 0.1356
vn -0.0791 -0.9866 0.1425
vn -0.0808 -0.9898 0.1177
vn 0.0377 0.9989 -0.0280
vn 0.0370 0.9991 -0.0191
vn 0.0418 0.9989 -0.0207
vn -0.2599 0.2543 0.9315
vn -0.6511 0.1079 -0.7513
vn -0.7837 0.1322 -0.6069
vn -0.7348 0.1578 -0.6596
vn -0.0701 -0.9973 -0.0214
vn -0.8121 0.0764 0.5785
vn -0.0515 0.9979 -0.0400
vn -0.0229 -0.9995 0.0199
vn -0.0171 -0.9997 0.0158
vn -0.0221 -0.9996 0.0202
vn -0.3923 0.0745 0.9168
vn -0.2119 0.0317 0.9768
vn -0.3464 0.1157 0.9309
vn -0.3528 0.2626 0.8981
vn -0.7282 -0.2280 -0.6464
vn -0.7470 -0.1565 -0.6462
vn -0.7517 -0.1353 -0.6455
vn -0.0334 -0.9992 0.0197
vn -0.1044 -0.9916 -0.0762
vn -0.4890 0.1667 0.8562
vn -0.6807 0.4490 0.5788
vn -0.1661 0.9848 -0.0512
vn -0.0265 -0.9993 0.0251
vn -0.0662 -0.9943 0.0832
vn -0.7470 -0.1564 -0.6462
vn -0.7652 -0.0630 -0.6407
vn -0.0985 -0.9951 -0.0039
vn -0.2693 -0.9623 -0.0373
vn -0.6171 0.2172 0.7563
vn -0.6166 0.2158 0.7571
vn -0.6498 0.1904 0.7358
vn -0.4367 0.6466 0.6255
vn -0.7948 0.3485 0.4968
vn -0.6427 0.0336 -0.7654
vn -0.6389 0.0412 -0.7682
vn -0.6410 0.0370 -0.7666
vn -0.2953 -0.9550 -0.0283
vn -0.0653 -0.9962 0.0568
vn -0.6357 -0.7680 -0.0776
vn 0.0740 0.0458 -0.9962
vn 0.0835 -0.0140 -0.9964
vn 0.0789 0.0134 -0.9968
vn -0.6499 0.1904 0.7358
vn -0.6444 0.0302 -0.7641
vn -0.3191 -0.9431 0.0931
vn -0.2409 -0.9702 0.0280
vn -0.2802 -0.9554 -0.0937
vn -0.5582 -0.8271 0.0663
vn -0.8623 0.1687 -0.4776
vn -0.9005 0.1431 -0.4107
vn -0.3924 0.0745 0.9168
vn -0.5947 0.0945 0.7984
vn -0.6351 0.3013 -0.7112
vn -0.8135 -0.0803 0.5761
vn -0.1822 -0.9545 0.2363
vn 0.6885 -0.3083 -0.6565
vn 0.5690 -0.2649 -0.7785
vn 0.6641 -0.2699 -0.6972
vn -0.9238 0.0686 -0.3767
vn -0.9170 0.0689 -0.3928
vn -0.3164 0.0090 0.9486
vn -0.8365 0.1503 0.5270
vn -0.7408 0.1459 0.6557
vn -0.7779 0.1799 0.6021
vn -0.0223 0.9996 0.0154
vn -0.7406 0.1146 0.6622
vn -0.8452 0.1719 0.5060
vn -0.0457 -0.9987 0.0221
vn -0.1583 -0.9536 0.2559
vn -0.3701 0.4596 -0.8073
vn -0.3666 0.4588 -0.8094
vn -0.3619 0.4312 -0.8265
vn -0.9205 0.1206 0.3718
vn -0.0503 -0.9985 0.0228
vn -0.7178 0.0554 0.6940
vn -0.8635 0.2782 0.4206
vn -0.6173 0.6819 -0.3924
vn -0.5224 0.7873 -0.3275
vn -0.5726 0.7049 -0.4185
vn -0.9238 0.1781 -0.3390
vn -0.0278 0.9994 0.0217
vn -0.1058 0.2323 0.9669
vn -0.9851 0.1613 0.0592
vn -0.9863 0.1565 0.0524
vn -0.9710 0.2050 0.1227
vn -0.4002 -0.9074 -0.1281
vn -0.4235 -0.8989 -0.1127
vn -0.7969 0.0668 0.6004
vn 0.0767 0.0596 -0.9953
vn 0.5148 -0.2838 -0.8090
vn 0.4303 -0.1759 -0.8854
vn 0.5690 -0.2648 -0.7786
vn -0.9222 0.0705 -0.3801
vn -0.9939 0.1095 -0.0146
vn -0.0253 0.9996 -0.0137
vn -0.2954 0.9470 -0.1263
vn -0.9144 0.1445 0.3780
vn -0.9202 0.1408 0.3652
vn -0.9141 0.1421 0.3799
vn -0.3614 0.3908 -0.8466
vn -0.3077 0.9415 -0.1372
vn -0.9079 0.1444 0.3936
vn -0.8628 0.1393 0.4860
vn -0.3661 0.3768 0.8509
vn -0.4214 0.5069 0.7520
vn -0.4335 0.5282 0.7301
vn -0.9129 0.0808 -0.4000
vn -0.8839 0.1353 -0.4477
vn -0.9036 0.0994 -0.4166
vn -0.8349 0.0214 0.5500
vn -0.0302 0.9995 -0.0080
vn 0.7734 -0.4050 -0.4876
vn 0.7614 -0.4036 -0.5074
vn -0.9263 0.0510 -0.3732
vn -0.4402 -0.8926 -0.0971
vn -0.4003 -0.9074 -0.1281
vn -0.4235 -0.8988 -0.1127
vn -0.6596 -0.1736 0.7313
vn -0.8924 0.1417 0.4285
vn -0.3639 0.3294 0.8713
vn -0.6823 0.5953 -0.4244
vn -0.9796 0.0188 0.2001
vn -0.6168 0.6170 0.4887
vn -0.6841 0.6132 0.3950
vn -0.6688 0.6183 0.4127
vn -0.0320 0.9995 -0.0065
vn -0.9890 0.1468 -0.0181
vn -0.9931 0.0828 -0.0828
vn -0.9721 0.2343 0.0143
vn -0.9664 0.1952 0.1670
vn -0.9698 0.2439 -0.0004
vn -0.9664 0.1952 0.1673
vn -0.9518 0.2752 -0.1352
vn -0.9692 0.2461 -0.0056
vn -0.9697 0.2419 0.0343
vn 0.9303 -0.2594 0.2592
vn 0.9665 -0.2495 0.0604
vn 0.9681 -0.2478 0.0378
vn 0.9696 -0.2448 0.0028
vn -0.8201 0.2619 -0.5087
vn 0.5684 -0.2718 0.7766
vn 0.5440 -0.2167 0.8106
vn 0.6207 -0.3256 0.7133
vn 0.1281 -0.0003 0.9918
vn 0.0926 -0.0092 0.9957
vn 0.1031 -0.0107 0.9946
vn -0.5937 0.5436 0.5933
vn 0.5979 -0.3312 -0.7300
vn -0.1743 -0.9846 0.0165
vn 0.7314 -0.2718 0.6254
vn 0.6893 -0.3136 0.6531
vn -0.2009 -0.9795 0.0172
vn -0.9679 0.2467 -0.0488
vn -0.9249 0.2054 0.3200
vn -0.9639 0.1336 0.2302
vn -0.9560 0.1454 0.2548
vn 0.7826 -0.5661 -0.2590
vn 0.4436 -0.3223 0.8362
vn 0.5066 -0.3331 0.7953
vn 0.4538 -0.3241 0.8300
vn -0.9891 -0.0353 0.1429
vn -0.9888 0.0009 0.1495
vn -0.3254 0.2376 0.9152
vn -0.7471 0.6080 0.2687
vn -0.7334 0.6355 0.2414
vn -0.7348 0.6346 0.2394
vn 0.5148 -0.2839 -0.8089
vn -0.3006 -0.9444 0.1334
vn -0.0240 -0.9815 0.1899
vn 0.0342 -0.9842 0.1736
vn -0.5870 0.5145 0.6251
vn 0.1032 -0.0048 0.9946
vn 0.0780 0.0592 -0.9952
vn 0.4465 -0.8615 -0.2418
vn 0.7388 -0.4987 0.4534
vn 0.4251 -0.3188 0.8471
vn -0.3147 0.2216 0.9230
vn 0.3821 -0.7666 0.5161
vn -0.2237 -0.9624 0.1542
vn -0.4345 -0.8945 0.1052
vn -0.2685 0.2714 -0.9243
vn 0.5052 -0.7633 -0.4027
vn 0.5227 -0.7705 -0.3648
vn 0.5234 -0.7708 -0.3631
vn 0.5403 -0.7767 -0.3236
vn 0.6257 -0.2876 -0.7251
vn 0.6278 -0.2851 -0.7243
vn 0.6209 -0.2933 -0.7270
vn -0.0516 -0.8085 -0.5862
vn -0.0830 -0.5146 -0.8534
vn -0.1600 -0.5835 -0.7962
vn -0.1236 -0.5517 -0.8248
vn 0.0970 -0.8958 0.4337
vn -0.2013 -0.6179 -0.7600
vn -0.3922 -0.9165 0.0790
vn 0.6195 -0.2949 -0.7275
vn 0.1197 -0.2180 0.9686
vn 0.1283 -0.2236 0.9662
vn 0.1830 -0.2589 0.9484
vn 0.9608 0.1153 0.2520
vn -0.0882 -0.9821 0.1666
vn 0.0734 0.0086 0.9973
vn -0.2480 0.2478 -0.9365
vn 0.1282 -0.2236 0.9662
vn 0.1196 -0.2180 0.9686
vn 0.0099 -0.1452 0.9894
vn -0.0883 -0.9821 0.1666
vn -0.7540 0.5805 0.3073
vn 0.9762 0.1755 -0.1270
vn 0.9814 0.1587 -0.1083
vn 0.9731 0.1872 -0.1346
vn -0.5993 -0.1233 -0.7910
vn -0.9004 -0.2472 -0.3581
vn -0.7417 0.5779 -0.3405
vn -0.6802 0.5309 -0.5054
vn 0.6144 -0.7717 0.1641
vn 0.7504 0.1841 0.6348
vn 0.1669 -0.6445 0.7461
vn 0.0770 -0.7657 -0.6385
vn 0.9705 0.1872 -0.1522
vn 0.9698 0.1916 -0.1508
vn 0.9344 -0.2675 -0.2351
vn 0.9204 -0.3293 -0.2110
vn 0.9294 -0.2921 -0.2257
vn -0.9395 -0.3068 0.1522
vn -0.4055 -0.6897 -0.5999
vn -0.3048 -0.6668 -0.6800
vn -0.3761 -0.6841 -0.6250
vn 0.9294 -0.2922 -0.2257
vn 0.9120 -0.3586 -0.1990
vn 0.8692 -0.2461 0.4288
vn 0.1032 -0.0048 0.9947
vn 0.0350 0.0105 0.9993
vn -0.7601 0.5366 0.3665
vn 0.0733 -0.9296 -0.3611
vn 0.9894 -0.0436 -0.1387
vn -0.7898 0.5934 -0.1549
vn 0.8468 0.3673 -0.3848
vn 0.8474 0.4206 0.3240
vn -0.8441 -0.5278 -0.0945
vn 0.8659 -0.3316 0.3745
vn 0.8650 -0.3299 0.3781
vn 0.8660 -0.3317 0.3743
vn -0.1808 -0.6919 0.6989
vn 0.5662 -0.3155 -0.7615
vn -0.3276 -0.9402 0.0933
vn -0.3382 -0.9325 0.1270
vn -0.3452 -0.9320 0.1109
vn 0.9238 -0.3721 -0.0906
vn -0.6312 -0.0275 0.7751
vn 0.5342 0.8079 0.2487
vn 0.8671 -0.3337 0.3698
vn 0.8659 -0.3316 0.3744
vn 0.8660 -0.3317 0.3742
vn -0.3452 -0.9319 0.1109
vn -0.3382 -0.9325 0.1271
vn -0.3544 -0.9097 0.2166
vn 0.1604 -0.4969 0.8528
vn -0.4522 -0.6966 -0.5570
vn 0.9867 0.0598 0.1513
vn 0.9854 0.0559 0.1608
vn 0.9859 0.0574 0.1572
vn -0.0379 -0.8597 0.5094
vn 0.7374 0.4872 0.4679
vn 0.6254 -0.7580 -0.1849
vn -0.3926 -0.8061 0.4428
vn -0.4624 -0.7912 0.4002
vn -0.4304 -0.7989 0.4201
vn -0.7717 -0.3188 0.5504
vn -0.7383 -0.4676 -0.4860
vn -0.6347 -0.4847 -0.6019
vn -0.7326 -0.4823 -0.4802
vn 0.8275 -0.5554 -0.0820
vn 0.8378 -0.5433 -0.0549
vn 0.8316 -0.5507 -0.0714
vn 0.9869 0.1503 -0.0580
vn 0.8218 0.5089 -0.2563
vn 0.9831 0.0493 0.1765
vn 0.9065 0.0523 -0.4190
vn -0.3925 -0.8059 0.4433
vn -0.4643 -0.8857 -0.0033
vn 0.8275 -0.5555 -0.0820
vn 0.8156 -0.5679 -0.1110
vn -0.6681 -0.4085 0.6219
vn -0.0905 -0.9831 -0.1589
vn -0.9969 -0.0780 0.0037
vn -0.5170 -0.8278 0.2177
vn -0.4758 -0.8710 0.1222
vn -0.5307 -0.8091 0.2524
vn -0.2327 0.1277 0.9641
vn -0.1271 0.2737 0.9534
vn -0.1431 0.2436 0.9593
vn -0.9251 -0.1407 0.3528
vn -0.9285 -0.1274 0.3489
vn -0.9175 -0.1682 0.3605
vn -0.0338 -0.9939 0.1047
vn 0.1660 -0.9129 -0.3729
vn -0.9367 -0.0907 0.3380
vn -0.8456 -0.4638 -0.2643
vn 0.4041 0.1767 -0.8975
vn 0.4375 0.2469 -0.8646
vn 0.4278 0.2260 -0.8752
vn -0.3431 -0.9362 0.0764
vn -0.3241 -0.9191 0.2239
vn 0.2654 -0.5474 -0.7937
vn 0.2434 -0.9529 -0.1811
vn -0.8968 -0.4334 -0.0887
vn -0.8456 -0.4638 -0.2642
vn -0.8563 -0.4713 -0.2111
vn 0.9537 0.1313 0.2707
vn 0.4625 0.4094 0.7864
vn 0.0618 -0.1257 0.9901
vn 0.5282 0.6960 0.4864
vn 0.5093 -0.2050 -0.8358
vn 0.4967 -0.1948 -0.8458
vn 0.5815 -0.1093 -0.8062
vn -0.0011 -0.1947 -0.9809
vn -0.2882 -0.7253 0.6252
vn -0.4975 -0.7811 0.3773
vn 0.4020 0.1724 -0.8993
vn -0.2716 0.1320 0.9533
vn -0.4695 -0.8762 0.1086
vn -0.2527 -0.8365 0.4861
vn -0.1650 -0.6239 -0.7639
vn -0.1681 -0.7163 0.6772
vn -0.0593 -0.7965 0.6017
vn -0.1353 -0.7426 0.6559
vn -0.1169 -0.3932 -0.9120
vn 0.1048 0.4391 0.8923
vn 0.1033 0.4442 0.8900
vn 0.1050 0.4387 0.8925
vn 0.4596 0.4216 -0.7816
vn -0.2078 -0.6819 0.7013
vn 0.1060 0.4350 0.8942
vn -0.6446 -0.7617 0.0658
vn 0.3714 -0.2629 -0.8905
vn 0.3429 -0.2598 -0.9027
vn -0.3622 -0.9194 -0.1532
vn -0.3517 -0.9115 -0.2131
vn -0.3798 -0.9248 -0.0244
vn -0.3570 0.4371 -0.8255
vn -0.1236 0.1739 -0.9770
vn -0.1274 0.1497 -0.9805
vn -0.1289 0.1397 -0.9818
vn -0.7681 -0.3815 -0.5143
vn -0.2243 -0.0207 0.9743
vn -0.1930 -0.0589 0.9794
vn -0.1323 0.1173 -0.9843
vn -0.6945 -0.5695 -0.4398
vn -0.8525 -0.5196 -0.0571
vn -0.8436 -0.5197 -0.1350
vn -0.8517 -0.5204 -0.0619
vn -0.1515 0.5898 0.7932
vn -0.2236 -0.9729 0.0596
vn -0.4735 -0.3117 -0.8238
vn -0.8516 -0.4952 0.1717
vn -0.8717 -0.2847 0.3988
vn -0.8461 -0.3050 0.4370
vn -0.8830 -0.2749 0.3804
vn -0.3825 -0.9239 0.0016
vn 0.0956 -0.9902 0.1023
vn -0.8516 -0.4952 0.1719
vn -0.8436 -0.5214 -0.1286
vn -0.7412 -0.5866 0.3264
vn -0.7411 0.5291 0.4133
vn -0.7612 0.5439 0.3534
vn -0.7441 0.4151 0.5234
vn -0.6963 -0.4506 -0.5588
vn -0.9048 -0.2541 0.3417
vn -0.7350 0.3735 0.5659
vn -0.7411 0.5290 0.4133
vn -0.7441 0.4151 0.5235
vn -0.8865 0.4622 -0.0211
vn -0.8768 0.4517 -0.1646
vn -0.8949 0.4394 -0.0775
vn -0.7628 0.2578 0.5929
vn -0.8523 -0.5227 0.0194
vn -0.8546 -0.5191 0.0159
vn -0.8912 0.4364 0.1238
vn -0.8949 0.4394 -0.0776
vn -0.8768 0.4517 -0.1647
vn -0.8675 0.4041 -0.2900
vn -0.7263 0.0210 -0.6871
vn -0.9678 0.0439 0.2478
vn -0.9548 0.0819 0.2857
vn -0.9558 0.0820 0.2822
vn -0.9924 -0.0192 0.1219
vn -0.9069 0.0753 -0.4145
vn -0.9678 0.0439 0.2477
vn -0.9924 -0.0194 0.1217
vn -0.9924 -0.0837 0.0900
vn -0.9800 -0.0966 -0.1742
vn -0.9878 -0.1117 -0.1082
vt 0.510531 0.957284
vt 0.509914 0.972130
vt 0.499751 0.956219
vt 0.487348 0.946988
vt 0.489532 0.959259
vt 0.237529 0.938824
vt 0.231280 0.945645
vt 0.224748 0.936263
vt 0.236962 0.929617
vt 0.252773 0.932791
vt 0.282642 0.229385
vt 0.296908 0.231214
vt 0.280094 0.234744
vt 0.300359 0.236686
vt 0.283785 0.203754
vt 0.293797 0.237240
vt 0.294027 0.237055
vt 0.294908 0.236791
vt 0.294734 0.236843
vt 0.301836 0.206350
vt 0.293846 0.237301
vt 0.294262 0.237496
vt 0.294617 0.237552
vt 0.295121 0.237118
vt 0.302241 0.241803
vt 0.276324 0.236686
vt 0.277544 0.198564
vt 0.305570 0.202419
vt 0.270858 0.341399
vt 0.273683 0.344349
vt 0.259174 0.341555
vt 0.297527 0.327813
vt 0.247768 0.357002
vt 0.245023 0.339374
vt 0.256880 0.350001
vt 0.581341 0.752101
vt 0.570174 0.808211
vt 0.566695 0.766248
vt 0.558455 0.826152
vt 0.558457 0.892908
vt 0.579303 0.790330
vt 0.567986 0.728288
vt 0.580349 0.739681
vt 0.585721 0.751191
vt 0.558402 0.771336
vt 0.586453 0.746004
vt 0.588224 0.793863
vt 0.553734 0.802161
vt 0.548593 0.889182
vt 0.601605 0.858226
vt 0.601630 0.858168
vt 0.601689 0.858219
vt 0.385699 0.657123
vt 0.382547 0.678854
vt 0.371515 0.654995
vt 0.366888 0.624543
vt 0.398606 0.675042
vt 0.363387 0.688650
vt 0.410486 0.662686
vt 0.397220 0.641567
vt 0.396702 0.688563
vt 0.361861 0.625683
vt 0.394680 0.712021
vt 0.286820 0.837984
vt 0.266275 0.794361
vt 0.291209 0.774992
vt 0.267929 0.745561
vt 0.308586 0.814539
vt 0.264051 0.838689
vt 0.236421 0.768334
vt 0.285761 0.702257
vt 0.237933 0.695871
vt 0.333229 0.740178
vt 0.328310 0.841312
vt 0.341352 0.784715
vt 0.347285 0.817077
vt 0.242704 0.808566
vt 0.307463 0.869770
vt 0.353384 0.807505
vt 0.357877 0.837542
vt 0.279192 0.900237
vt 0.282007 0.621487
vt 0.247055 0.879364
vt 0.227183 0.849528
vt 0.828171 0.610486
vt 0.830623 0.642916
vt 0.781368 0.615855
vt 0.797809 0.662710
vt 0.208380 0.898148
vt 0.231898 0.896909
vt 0.228092 0.915294
vt 0.924144 0.587199
vt 0.885737 0.645166
vt 0.895173 0.600838
vt 0.894101 0.632267
vt 0.222235 0.879459
vt 0.321629 0.643973
vt 0.343376 0.861257
vt 0.362243 0.853699
vt 0.367037 0.854285
vt 0.365383 0.863797
vt 0.853126 0.549324
vt 0.346251 0.790014
vt 0.353632 0.871276
vt 0.192150 0.882803
vt 0.714927 0.623743
vt 0.754302 0.664568
vt 0.772547 0.676536
vt 0.333216 0.910051
vt 0.332532 0.612506
vt 0.309046 0.610559
vt 0.320458 0.908718
vt 0.339182 0.764286
vt 0.341059 0.769467
vt 0.339896 0.761038
vt 0.367580 0.812564
vt 0.343180 0.774176
vt 0.342511 0.766285
vt 0.352974 0.766555
vt 0.341435 0.759625
vt 0.338457 0.621353
vt 0.259610 0.625569
vt 0.205728 0.771654
vt 0.684184 0.586775
vt 0.804638 0.679406
vt 0.724607 0.662002
vt 0.252889 0.919048
vt 0.339857 0.892454
vt 0.747813 0.525861
vt 0.187105 0.904611
vt 0.852331 0.680191
vt 0.653456 0.636137
vt 0.328989 0.627169
vt 0.328217 0.629129
vt 0.328565 0.627424
vt 0.910439 0.528494
vt 0.392499 0.633339
vt 0.330094 0.625600
vt 0.329371 0.626731
vt 0.329952 0.625002
vt 0.204335 0.823791
vt 0.696986 0.656531
vt 0.293909 0.930949
vt 0.379048 0.855303
vt 0.600113 0.859891
vt 0.605176 0.855963
vt 0.601654 0.858100
vt 0.601617 0.858108
vt 0.601625 0.858123
vt 0.887373 0.681550
vt 0.933168 0.690332
vt 0.368665 0.878206
vt 0.382148 0.775995
vt 0.367925 0.623257
vt 0.595295 0.857121
vt 0.594193 0.901582
vt 0.303253 0.606484
vt 0.851565 0.502742
vt 0.598879 0.616000
vt 0.409072 0.685032
vt 0.157425 0.789835
vt 0.218941 0.636248
vt 0.266551 0.608245
vt 0.783763 0.490670
vt 0.620842 0.573418
vt 0.237138 0.630193
vt 0.171884 0.865280
vt 0.645887 0.523618
vt 0.605205 0.653399
vt 0.747720 0.673871
vt 0.428093 0.635382
vt 0.352633 0.623761
vt 0.982260 0.524648
vt 0.954167 0.481334
vt 0.790757 0.702777
vt 0.433724 0.641710
vt 0.399179 0.626713
vt 0.819169 0.727798
vt 0.173651 0.879048
vt 0.652690 0.660216
vt 0.857196 0.700933
vt 0.421254 0.699018
vt 0.603209 0.836574
vt 0.587612 0.847024
vt 0.889855 0.729508
vt 0.579322 0.858536
vt 0.583520 0.861563
vt 0.684821 0.667489
vt 0.723572 0.672012
vt 0.344657 0.616543
vt 0.877504 0.487272
vt 0.366177 0.900555
vt 0.424372 0.667835
vt 0.341542 0.921546
vt 0.374762 0.914678
vt 0.610291 0.850614
vt 0.827358 0.451299
vt 0.950535 0.768674
vt 0.995000 0.763265
vt 0.392005 0.832179
vt 0.360364 0.609121
vt 0.931011 0.452368
vt 0.167458 0.814180
vt 0.578359 0.874503
vt 0.576841 0.112087
vt 0.616453 0.122571
vt 0.588818 0.173511
vt 0.352369 0.899359
vt 0.441111 0.647120
vt 0.326684 0.598399
vt 0.642742 0.154998
vt 0.800181 0.737520
vt 0.648876 0.104718
vt 0.752358 0.700639
vt 0.573502 0.878098
vt 0.573959 0.876731
vt 0.573471 0.878297
vt 0.574108 0.876381
vt 0.574352 0.875932
vt 0.574600 0.874582
vt 0.904081 0.772569
vt 0.419272 0.628580
vt 0.602785 0.811351
vt 0.567792 0.895821
vt 0.323982 0.922858
vt 0.369640 0.918422
vt 0.406263 0.770685
vt 0.652208 0.142655
vt 0.615546 0.667093
vt 0.643271 0.176758
vt 0.695840 0.679067
vt 0.422652 0.625247
vt 0.242166 0.611795
vt 0.170564 0.714907
vt 0.509247 0.105904
vt 0.656084 0.118821
vt 0.590869 0.661118
vt 0.651355 0.679481
vt 0.387428 0.913853
vt 0.436893 0.638679
vt 0.360106 0.615347
vt 0.558597 0.714608
vt 0.196627 0.645993
vt 0.614301 0.198693
vt 0.981159 0.459850
vt 0.530535 0.323589
vt 0.501633 0.252854
vt 0.557167 0.232862
vt 0.153465 0.766068
vt 0.356883 0.923348
vt 0.020606 0.288467
vt 0.016835 0.284192
vt 0.033096 0.260913
vt 0.379758 0.606417
vt 0.560301 0.179000
vt 0.760835 0.740334
vt 0.352373 0.929439
vt 0.408965 0.847026
vt 0.572701 0.726388
vt 0.127751 0.807607
vt 0.862207 0.783061
vt 0.601676 0.771101
vt 0.595205 0.874392
vt 0.193414 0.922779
vt 0.618115 0.824882
vt 0.578493 0.731128
vt 0.033753 0.266559
vt 0.426309 0.763718
vt 0.565724 0.304936
vt 0.994243 0.769957
vt 0.928020 0.794443
vt 0.584897 0.745290
vt 0.560370 0.703588
vt 0.556733 0.903990
vt 0.221932 0.620058
vt 0.982311 0.797907
vt 0.638963 0.202686
vt 0.164136 0.890000
vt 0.355646 0.929633
vt 0.456367 0.662146
vt 0.448503 0.646737
vt 0.550603 0.773473
vt 0.586160 0.887258
vt 0.415125 0.613532
vt 0.573411 0.722629
vt 0.560540 0.910700
vt 0.593097 0.269123
vt 0.668349 0.142452
vt 0.666264 0.095874
vt 0.682380 0.100362
vt 0.691098 0.065808
vt 0.819887 0.795008
vt 0.383672 0.916934
vt 0.593374 0.739331
vt 0.612051 0.753368
vt 0.555300 0.747146
vt 0.136500 0.780576
vt 0.147711 0.729700
vt 0.144458 0.858807
vt 0.170720 0.911464
vt 0.715964 0.737549
vt 0.758690 0.796508
vt 0.556911 0.703280
vt 0.118034 0.842020
vt 0.663513 0.181296
vt 0.594018 0.591501
vt 0.600286 0.565868
vt 0.601300 0.591153
vt 0.548313 0.722652
vt 0.879900 0.817247
vt 0.923535 0.118055
vt 0.928922 0.085647
vt 0.951267 0.064713
vt 0.136538 0.732218
vt 0.787654 0.801787
vt 0.973845 0.107746
vt 0.587871 0.551288
vt 0.579905 0.568805
vt 0.945141 0.051328
vt 0.927159 0.079041
vt 0.038048 0.253361
vt 0.069093 0.246276
vt 0.200810 0.630671
vt 0.169786 0.667023
vt 0.680550 0.733714
vt 0.636145 0.242695
vt 0.735832 0.792960
vt 0.401165 0.914097
vt 0.424370 0.836969
vt 0.444146 0.775958
vt 0.585947 0.727177
vt 0.646644 0.682172
vt 0.554324 0.711423
vt 0.577819 0.343132
vt 0.397089 0.918853
vt 0.549989 0.682765
vt 0.542175 0.890944
vt 0.150772 0.692400
vt 0.730488 0.118788
vt 0.574878 0.909016
vt 0.145257 0.701648
vt 0.557599 0.334023
vt 0.597201 0.333076
vt 0.661978 0.203975
vt 0.923845 0.841903
vt 0.533975 0.850457
vt 0.523482 0.862325
vt 0.521863 0.815124
vt 0.752296 0.076007
vt 0.136407 0.848961
vt 0.556624 0.370905
vt 0.579887 0.509366
vt 0.580615 0.501590
vt 0.602986 0.528323
vt 0.937013 0.026531
vt 0.136054 0.386755
vt 0.131208 0.390771
vt 0.120058 0.342416
vt 0.585872 0.601655
vt 0.109047 0.348865
vt 0.475951 0.674217
vt 0.629085 0.293648
vt 0.132220 0.786760
vt 0.705534 0.785383
vt 0.418738 0.882114
vt 0.180013 0.644771
vt 0.586083 0.524840
vt 0.712541 0.161194
vt 0.676692 0.778015
vt 0.826356 0.828799
vt 0.880412 0.813992
vt 0.062423 0.252637
vt 0.119873 0.821541
vt 0.063994 0.234058
vt 0.095050 0.238101
vt 0.457496 0.810997
vt 0.516475 0.869463
vt 0.154141 0.674603
vt 0.974370 0.018132
vt 0.559502 0.493924
vt 0.471362 0.663319
vt 0.531741 0.925874
vt 0.137319 0.700857
vt 0.797645 0.816345
vt 0.142204 0.376764
vt 0.107079 0.315679
vt 0.108848 0.345170
vt 0.097352 0.341705
vt 0.509224 0.881708
vt 0.134877 0.746663
vt 0.571401 0.573861
vt 0.429062 0.908660
vt 0.579638 0.715998
vt 0.129855 0.350564
vt 0.519304 0.915433
vt 0.651332 0.266578
vt 0.680619 0.231497
vt 0.575432 0.543400
vt 0.782719 0.116722
vt 0.801993 0.093697
vt 0.560955 0.485008
vt 0.523905 0.696026
vt 0.652583 0.337581
vt 0.762976 0.827954
vt 0.563190 0.512575
vt 0.668129 0.304788
vt 0.771424 0.146870
vt 0.882071 0.853212
vt 0.055666 0.267504
vt 0.620699 0.387171
vt 0.698189 0.196538
vt 0.575910 0.531836
vt 0.088099 0.263085
vt 0.542319 0.703732
vt 0.499352 0.824921
vt 0.618658 0.474414
vt 0.502784 0.861310
vt 0.502025 0.895884
vt 0.126450 0.718156
vt 0.506964 0.690764
vt 0.523473 0.711387
vt 0.180167 0.631061
vt 0.131857 0.326780
vt 0.502374 0.703352
vt 0.565402 0.546818
vt 0.565296 0.572475
vt 0.446561 0.904663
vt 0.122922 0.301341
vt 0.413321 0.919669
vt 0.742392 0.494323
vt 0.683910 0.500073
vt 0.738095 0.434991
vt 0.745172 0.840781
vt 0.685599 0.815664
vt 0.351002 0.964320
vt 0.343694 0.964196
vt 0.342447 0.953130
vt 0.356256 0.952730
vt 0.351024 0.976260
vt 0.946593 0.257193
vt 0.936417 0.268083
vt 0.925804 0.274049
vt 0.949764 0.233772
vt 0.939822 0.220576
vt 0.960854 0.232655
vt 0.960083 0.223533
vt 0.952501 0.212981
vt 0.930758 0.225671
vt 0.942799 0.245160
vt 0.922373 0.232220
vt 0.925040 0.244137
vt 0.951431 0.270873
vt 0.957657 0.257703
vt 0.950254 0.248996
vt 0.974127 0.228727
vt 0.963815 0.215593
vt 0.943131 0.285949
vt 0.961776 0.264003
vt 0.962132 0.274071
vt 0.964205 0.238326
vt 0.957891 0.254745
vt 0.112231 0.099116
vt 0.111290 0.089341
vt 0.123397 0.097953
vt 0.932549 0.299454
vt 0.960003 0.241750
vt 0.914412 0.229280
vt 0.366898 0.988242
vt 0.354381 0.993957
vt 0.955216 0.186844
vt 0.936161 0.203994
vt 0.104615 0.099630
vt 0.291334 0.950842
vt 0.282317 0.954879
vt 0.281108 0.941588
vt 0.290738 0.962870
vt 0.910089 0.283036
vt 0.121848 0.088411
vt 0.278821 0.928393
vt 0.293043 0.939032
vt 0.948742 0.309118
vt 0.359171 0.971939
vt 0.966569 0.181994
vt 0.937874 0.174874
vt 0.282242 0.915646
vt 0.335006 0.978225
vt 0.343580 0.939536
vt 0.922554 0.188359
vt 0.325256 0.959521
vt 0.932611 0.314002
vt 0.121356 0.074262
vt 0.957947 0.287788
vt 0.916638 0.153498
vt 0.966968 0.281036
vt 0.104672 0.079527
vt 0.953110 0.156776
vt 0.384504 0.974979
vt 0.330848 0.951473
vt 0.975252 0.189981
vt 0.926639 0.342555
vt 0.901393 0.335700
vt 0.376304 0.971507
vt 0.371689 0.956308
vt 0.966220 0.308652
vt 0.308308 0.950756
vt 0.963041 0.174290
vt 0.899216 0.309497
vt 0.919785 0.349580
vt 0.942531 0.343687
vt 0.131189 0.081141
vt 0.936460 0.146975
vt 0.941905 0.350291
vt 0.400664 0.964687
vt 0.896012 0.340097
vt 0.940114 0.365336
vt 0.915200 0.365665
vt 0.378572 0.939689
vt 0.336156 0.992088
vt 0.885937 0.345292
vt 0.929144 0.375101
vt 0.963378 0.890407
vt 0.975488 0.885837
vt 0.975493 0.914296
vt 0.831113 0.328766
vt 0.850712 0.309409
vt 0.873233 0.317712
vt 0.976535 0.330405
vt 0.897550 0.362742
vt 0.955773 0.361629
vt 0.105611 0.049769
vt 0.868123 0.335999
vt 0.298876 0.937292
vt 0.935508 0.918080
vt 0.884038 0.336232
vt 0.883598 0.336387
vt 0.883654 0.336421
vt 0.855799 0.345763
vt 0.882706 0.336387
vt 0.883507 0.336491
vt 0.884076 0.336815
vt 0.966721 0.353353
vt 0.879059 0.359776
vt 0.950982 0.378879
vt 0.965643 0.875417
vt 0.892364 0.417510
vt 0.955645 0.361295
vt 0.861950 0.341161
vt 0.167786 0.056527
vt 0.189009 0.066898
vt 0.164413 0.072698
vt 0.409130 0.945786
vt 0.316694 0.924704
vt 0.872954 0.418686
vt 0.891247 0.450983
vt 0.200297 0.053055
vt 0.188140 0.053597
vt 0.869731 0.356771
vt 0.910943 0.437614
vt 0.187049 0.075638
vt 0.934043 0.429406
vt 0.241459 0.049043
vt 0.251871 0.030856
vt 0.258933 0.032467
vt 0.242243 0.042034
vt 0.375795 0.918453
vt 0.414661 0.932083
vt 0.255889 0.047787
vt 0.265559 0.040631
vt 0.857247 0.405840
vt 0.874227 0.444281
vt 0.964105 0.384687
vt 0.202498 0.014812
vt 0.854941 0.347616
vt 0.140970 0.356455
vt 0.546628 0.478694
vt 0.540786 0.479617
vt 0.582051 0.622948
vt 0.716551 0.414270
vt 0.723976 0.412810
vt 0.757942 0.180891
vt 0.540514 0.503768
vt 0.915370 0.457969
vt 0.140622 0.688465
vt 0.738652 0.233474
vt 0.977964 0.403863
vt 0.855093 0.438174
vt 0.903247 0.457147
vt 0.855317 0.444312
vt 0.200891 0.066297
vt 0.218374 0.062165
vt 0.511891 0.916869
vt 0.296767 0.092811
vt 0.281831 0.115905
vt 0.274987 0.113696
vt 0.118424 0.213212
vt 0.096745 0.193112
vt 0.721296 0.324846
vt 0.688422 0.858505
vt 0.246626 0.058502
vt 0.456517 0.912289
vt 0.162936 0.648553
vt 0.646840 0.789579
vt 0.260002 0.377988
vt 0.262778 0.373305
vt 0.125802 0.189742
vt 0.750773 0.205408
vt 0.535350 0.487206
vt 0.550927 0.522401
vt 0.246958 0.360571
vt 0.496308 0.896038
vt 0.496595 0.922979
vt 0.180544 0.620566
vt 0.697714 0.409398
vt 0.733147 0.274953
vt 0.776561 0.170840
vt 0.570774 0.517977
vt 0.804572 0.125157
vt 0.528183 0.449622
vt 0.219035 0.377479
vt 0.229489 0.360447
vt 0.131881 0.679104
vt 0.556398 0.532259
vt 0.276438 0.126250
vt 0.987023 0.861488
vt 0.960781 0.862984
vt 0.959276 0.808773
vt 0.227841 0.066438
vt 0.111563 0.237256
vt 0.442207 0.914228
vt 0.521699 0.448558
vt 0.261139 0.064501
vt 0.190455 0.328496
vt 0.174875 0.340973
vt 0.186158 0.328481
vt 0.135262 0.291900
vt 0.282045 0.094502
vt 0.272174 0.375787
vt 0.250412 0.334436
vt 0.056886 0.281306
vt 0.847161 0.354215
vt 0.628190 0.830198
vt 0.670591 0.851799
vt 0.516202 0.461085
vt 0.280687 0.348821
vt 0.300633 0.309515
vt 0.098814 0.282028
vt 0.121656 0.264728
vt 0.477571 0.909070
vt 0.210892 0.392484
vt 0.308215 0.332010
vt 0.199957 0.323383
vt 0.542712 0.445876
vt 0.262476 0.395163
vt 0.203026 0.337023
vt 0.192567 0.353071
vt 0.131277 0.219723
vt 0.123720 0.691578
vt 0.295490 0.147352
vt 0.234655 0.347025
vt 0.192795 0.318074
vt 0.175829 0.328001
vt 0.376289 0.104201
vt 0.380394 0.078573
vt 0.396714 0.077317
vt 0.484876 0.928273
vt 0.513928 0.485622
vt 0.739895 0.294111
vt 0.182746 0.306706
vt 0.398744 0.118613
vt 0.486428 0.932840
vt 0.512739 0.424106
vt 0.520481 0.424412
vt 0.527457 0.518294
vt 0.278529 0.382105
vt 0.285144 0.373020
vt 0.175806 0.310646
vt 0.511289 0.929791
vt 0.593277 0.792300
vt 0.985092 0.821791
vt 0.242754 0.413880
vt 0.222028 0.361125
vt 0.221387 0.324245
vt 0.979845 0.883566
vt 0.269008 0.312731
vt 0.132041 0.192603
vt 0.557488 0.543591
vt 0.554243 0.550868
vt 0.549007 0.560308
vt 0.542041 0.562290
vt 0.976106 0.800783
vt 0.137984 0.238123
vt 0.991583 0.822430
vt 0.842105 0.421804
vt 0.204605 0.312423
vt 0.135729 0.673343
vt 0.750605 0.244421
vt 0.484621 0.063244
vt 0.496064 0.090346
vt 0.489231 0.087666
vt 0.499317 0.456518
vt 0.283051 0.389670
vt 0.252866 0.323883
vt 0.236087 0.340179
vt 0.125340 0.175356
vt 0.493824 0.485498
vt 0.009023 0.031862
vt 0.009691 0.030632
vt 0.008853 0.032221
vt 0.524508 0.073479
vt 0.534569 0.077883
vt 0.514631 0.083352
vt 0.539381 0.069130
vt 0.064262 0.931015
vt 0.052140 0.946178
vt 0.056692 0.927162
vt 0.043469 0.946243
vt 0.507349 0.078585
vt 0.060380 0.955051
vt 0.044118 0.963007
vt 0.566255 0.076724
vt 0.526469 0.059630
vt 0.077902 0.942803
vt 0.072991 0.915224
vt 0.503320 0.104491
vt 0.507868 0.067524
vt 0.560620 0.064842
vt 0.076370 0.920905
vt 0.679346 0.054470
vt 0.667729 0.057637
vt 0.668552 0.038386
vt 0.597480 0.103577
vt 0.023240 0.908546
vt 0.080391 0.835154
vt 0.682392 0.070801
vt 0.585049 0.079025
vt 0.554190 0.044163
vt 0.546527 0.044158
vt 0.055940 0.832318
vt 0.598355 0.093808
vt 0.090889 0.872190
vt 0.065575 0.825457
vt 0.087338 0.931679
vt 0.092921 0.832452
vt 0.082544 0.827302
vt 0.095448 0.892279
vt 0.608641 0.108614
vt 0.088764 0.842554
vt 0.514102 0.048750
vt 0.099065 0.852695
vt 0.585094 0.049815
vt 0.623553 0.060967
vt 0.703238 0.046112
vt 0.707202 0.060352
vt 0.064426 0.805044
vt 0.694965 0.031142
vt 0.105984 0.917820
vt 0.048372 0.822361
vt 0.087262 0.802632
vt 0.672078 0.026255
vt 0.613429 0.040645
vt 0.583208 0.042434
vt 0.126268 0.852175
vt 0.634682 0.077283
vt 0.107811 0.937421
vt 0.618963 0.097534
vt 0.130350 0.901579
vt 0.724608 0.039576
vt 0.733401 0.064690
vt 0.126838 0.875621
vt 0.636089 0.092772
vt 0.703401 0.026634
vt 0.114777 0.799128
vt 0.064010 0.784984
vt 0.077454 0.780566
vt 0.635538 0.066079
vt 0.725290 0.016121
vt 0.092439 0.779176
vt 0.143895 0.917890
vt 0.700350 0.007366
vt 0.624952 0.046364
vt 0.162456 0.910370
vt 0.622737 0.031319
vt 0.645422 0.102536
vt 0.121027 0.942855
vt 0.629354 0.021212
vt 0.621225 0.013453
vt 0.734791 0.021135
vt 0.646822 0.082784
vt 0.651493 0.046042
vt 0.734408 0.035545
vt 0.651714 0.095532
vt 0.647891 0.087585
vt 0.660169 0.066787
vt 0.647910 0.086722
vt 0.647997 0.086717
vt 0.648076 0.086664
vt 0.648052 0.086490
vt 0.648219 0.086602
vt 0.647699 0.085993
vt 0.665743 0.081326
vt 0.649487 0.084300
vt 0.649052 0.084128
vt 0.138392 0.933056
vt 0.645228 0.021137
vt 0.008590 0.036807
vt 0.019320 0.017804
vt 0.024000 0.015141
vt 0.131353 0.945599
vt 0.214425 0.553479
vt 0.194998 0.553899
vt 0.215992 0.544398
vt 0.094774 0.768182
vt 0.080248 0.770520
vt 0.637082 0.008615
vt 0.106531 0.752371
vt 0.639133 0.028343
vt 0.012654 0.025145
vt 0.008807 0.032246
vt 0.009899 0.030133
vt 0.008836 0.032187
vt 0.008882 0.032084
vt 0.010730 0.026963
vt 0.033273 0.011780
vt 0.041463 0.051558
vt 0.227666 0.562970
vt 0.089031 0.748342
vt 0.202491 0.539320
vt 0.664882 0.054330
vt 0.061603 0.748721
vt 0.044043 0.006965
vt 0.038233 0.008228
vt 0.051043 0.005000
vt 0.092555 0.071335
vt 0.170029 0.544600
vt 0.163758 0.531773
vt 0.026197 0.058666
vt 0.221444 0.571262
vt 0.073492 0.093534
vt 0.078556 0.088653
vt 0.220783 0.535736
vt 0.059535 0.005151
vt 0.007077 0.039530
vt 0.005000 0.047042
vt 0.187976 0.524918
vt 0.036960 0.078922
vt 0.229395 0.582666
vt 0.230085 0.546757
vt 0.230368 0.506576
vt 0.237697 0.562875
vt 0.210096 0.587339
vt 0.210650 0.489305
vt 0.082239 0.087041
vt 0.098787 0.043540
vt 0.068746 0.005746
vt 0.049474 0.099645
vt 0.227955 0.481578
vt 0.252549 0.525769
vt 0.102118 0.058458
vt 0.061265 0.102464
vt 0.150783 0.487164
vt 0.005992 0.060611
vt 0.079140 0.008032
vt 0.131843 0.489224
vt 0.226563 0.614919
vt 0.025955 0.083309
vt 0.265341 0.569398
vt 0.206790 0.621306
vt 0.254085 0.595428
vt 0.088754 0.018140
vt 0.026740 0.094703
vt 0.258190 0.502391
vt 0.178029 0.485907
vt 0.214506 0.471303
vt 0.266660 0.552042
vt 0.098840 0.030463
vt 0.033354 0.099999
vt 0.272648 0.535220
vt 0.113508 0.493473
vt 0.137118 0.532807
vt 0.161502 0.307287
vt 0.162771 0.300886
vt 0.431604 0.927086
vt 0.754447 0.337477
vt 0.088409 0.687827
vt 0.069898 0.709758
vt 0.079719 0.693396
vt 0.633020 0.934441
vt 0.620560 0.931923
vt 0.626423 0.928045
vt 0.607198 0.926843
vt 0.647222 0.923851
vt 0.608131 0.915754
vt 0.651067 0.934868
vt 0.609118 0.939367
vt 0.689053 0.941628
vt 0.640163 0.946308
vt 0.685423 0.948298
vt 0.593406 0.922141
vt 0.593254 0.930660
vt 0.623935 0.952090
vt 0.086169 0.437529
vt 0.071706 0.439042
vt 0.089022 0.434834
vt 0.062950 0.419889
vt 0.555936 0.913420
vt 0.717739 0.943442
vt 0.043975 0.422060
vt 0.039795 0.452170
vt 0.621677 0.860344
vt 0.641716 0.841007
vt 0.667571 0.959439
vt 0.035953 0.409787
vt 0.026245 0.414430
vt 0.013782 0.417454
vt 0.600021 0.955736
vt 0.565786 0.924219
vt 0.089756 0.403778
vt 0.012505 0.409370
vt 0.054930 0.400012
vt 0.655375 0.962284
vt 0.098656 0.429624
vt 0.012672 0.392462
vt 0.562339 0.947334
vt 0.643693 0.974961
vt 0.077741 0.377123
vt 0.021766 0.340966
vt 0.022266 0.342358
vt 0.017015 0.348234
vt 0.019840 0.345141
vt 0.021555 0.343447
vt 0.030188 0.335231
vt 0.025987 0.337071
vt 0.538033 0.916279
vt 0.109162 0.415130
vt 0.017042 0.348182
vt 0.018959 0.346185
vt 0.017362 0.347998
vt 0.014320 0.352686
vt 0.574850 0.959795
vt 0.628220 0.842378
vt 0.103968 0.426903
vt 0.008107 0.378946
vt 0.112264 0.378232
vt 0.101996 0.354058
vt 0.005099 0.368503
vt 0.578320 0.978529
vt 0.537628 0.941206
vt 0.093681 0.348703
vt 0.651577 0.995000
vt 0.038891 0.333296
vt 0.675113 0.976765
vt 0.113294 0.398117
vt 0.108434 0.367993
vt 0.107945 0.366650
vt 0.108130 0.367197
vt 0.108389 0.367896
vt 0.109391 0.357438
vt 0.107148 0.364977
vt 0.108022 0.366990
vt 0.045208 0.366234
vt 0.630541 0.989770
vt 0.483566 0.102347
vt 0.507598 0.109685
vt 0.496385 0.119857
vt 0.785841 0.027117
vt 0.801593 0.028193
vt 0.794287 0.041520
vt 0.498111 0.103847
vt 0.495508 0.117634
vt 0.481436 0.120877
vt 0.482899 0.147418
vt 0.018273 0.513137
vt 0.018390 0.512757
vt 0.020589 0.509004
vt 0.118601 0.407155
vt 0.018018 0.513034
vt 0.018118 0.513008
vt 0.018522 0.513292
vt 0.100320 0.352500
vt 0.060391 0.347253
vt 0.049082 0.331509
vt 0.554323 0.973816
vt 0.007950 0.520865
vt 0.018143 0.513143
vt 0.015543 0.528200
vt 0.529902 0.961042
vt 0.118103 0.385972
vt 0.497038 0.129176
vt 0.569101 0.984573
vt 0.008580 0.490928
vt 0.082728 0.009772
vt 0.205179 0.320113
vt 0.243180 0.466484
vt 0.816493 0.052866
vt 0.786499 0.215093
vt 0.828572 0.172515
vt 0.152576 0.195999
vt 0.548045 0.579413
vt 0.208771 0.087481
vt 0.043633 0.661945
vt 0.035713 0.696752
vt 0.813410 0.040335
vt 0.824811 0.021938
vt 0.186705 0.437633
vt 0.013650 0.082715
vt 0.315105 0.310763
vt 0.153524 0.276151
vt 0.109046 0.170330
vt 0.487979 0.907699
vt 0.738985 0.405899
vt 0.027533 0.693806
vt 0.492393 0.054049
vt 0.134874 0.660240
vt 0.552892 0.409665
vt 0.498117 0.419817
vt 0.442802 0.594523
vt 0.429559 0.576902
vt 0.461560 0.565620
vt 0.747801 0.039927
vt 0.766736 0.057793
vt 0.261122 0.405828
vt 0.313289 0.374599
vt 0.309155 0.308986
vt 0.309385 0.308919
vt 0.310069 0.309016
vt 0.309415 0.308808
vt 0.308991 0.308595
vt 0.309184 0.308762
vt 0.282776 0.294847
vt 0.494747 0.934294
vt 0.519638 0.398052
vt 0.078140 0.703695
vt 0.031225 0.672254
vt 0.091056 0.344051
vt 0.521040 0.141568
vt 0.481767 0.067914
vt 0.473791 0.548778
vt 0.744033 0.056146
vt 0.123656 0.399720
vt 0.121720 0.392519
vt 0.777948 0.384104
vt 0.780362 0.355928
vt 0.532923 0.531611
vt 0.282380 0.297449
vt 0.193406 0.286025
vt 0.487458 0.502895
vt 0.106714 0.699880
vt 0.101151 0.550807
vt 0.104654 0.538372
vt 0.107377 0.558829
vt 0.515761 0.386741
vt 0.023797 0.648991
vt 0.469925 0.133064
vt 0.007276 0.076443
vt 0.275055 0.405588
vt 0.138062 0.301018
vt 0.278496 0.548831
vt 0.066538 0.328439
vt 0.073496 0.333319
vt 0.470299 0.156819
vt 0.792542 0.274399
vt 0.484074 0.441207
vt 0.096255 0.659181
vt 0.059258 0.324537
vt 0.469331 0.112180
vt 0.098966 0.516451
vt 0.157782 0.226221
vt 0.780193 0.319518
vt 0.511559 0.519029
vt 0.100156 0.664055
vt 0.272155 0.507076
vt 0.278605 0.483367
vt 0.326007 0.382948
vt 0.501527 0.402841
vt 0.265819 0.596167
vt 0.465352 0.097876
vt 0.476261 0.105060
vt 0.456758 0.053235
vt 0.446434 0.038400
vt 0.269269 0.463405
vt 0.451595 0.122242
vt 0.137902 0.470225
vt 0.261976 0.309377
vt 0.270786 0.295532
vt 0.261740 0.308991
vt 0.261339 0.309389
vt 0.525440 0.371311
vt 0.437199 0.594579
vt 0.497690 0.172036
vt 0.319464 0.369996
vt 0.304274 0.295825
vt 0.299160 0.282691
vt 0.261748 0.308549
vt 0.261501 0.309140
vt 0.261356 0.308578
vt 0.260973 0.309357
vt 0.161177 0.271165
vt 0.421890 0.026884
vt 0.805270 0.319021
vt 0.055865 0.637719
vt 0.059600 0.619314
vt 0.046293 0.621369
vt 0.834819 0.045189
vt 0.472266 0.081138
vt 0.485692 0.089664
vt 0.536698 0.164843
vt 0.215778 0.298026
vt 0.158074 0.279815
vt 0.546020 0.364614
vt 0.084272 0.333333
vt 0.300079 0.515355
vt 0.018734 0.091247
vt 0.275936 0.262893
vt 0.257710 0.297851
vt 0.141208 0.155220
vt 0.415360 0.565745
vt 0.801371 0.055872
vt 0.089591 0.572230
vt 0.176421 0.227268
vt 0.276674 0.443093
vt 0.316059 0.394419
vt 0.322717 0.325970
vt 0.300308 0.266837
vt 0.415452 0.559156
vt 0.251660 0.443165
vt 0.463554 0.120449
vt 0.301275 0.401365
vt 0.470534 0.460460
vt 0.837945 0.011431
vt 0.855828 0.010437
vt 0.849185 0.036943
vt 0.442029 0.122133
vt 0.456569 0.162348
vt 0.497545 0.519890
vt 0.407297 0.590031
vt 0.132820 0.656902
vt 0.127011 0.652419
vt 0.292751 0.456604
vt 0.446365 0.101187
vt 0.106403 0.148537
vt 0.466524 0.521550
vt 0.830850 0.030914
vt 0.138501 0.661986
vt 0.802319 0.347363
vt 0.834925 0.054978
vt 0.091590 0.550965
vt 0.063989 0.508177
vt 0.423600 0.069001
vt 0.471907 0.078265
vt 0.292008 0.549326
vt 0.174061 0.188582
vt 0.112583 0.609237
vt 0.189356 0.263148
vt 0.122876 0.683008
vt 0.476370 0.421537
vt 0.072439 0.546797
vt 0.249315 0.279994
vt 0.376969 0.552309
vt 0.779515 0.080788
vt 0.109244 0.450987
vt 0.119726 0.495543
vt 0.303858 0.277495
vt 0.300711 0.275395
vt 0.304526 0.257872
vt 0.267914 0.249730
vt 0.268105 0.261074
vt 0.823895 0.332595
vt 0.385997 0.543851
vt 0.093577 0.493449
vt 0.301220 0.275168
vt 0.301375 0.275248
vt 0.301392 0.275228
vt 0.301414 0.274899
vt 0.304403 0.270381
vt 0.304340 0.270429
vt 0.304564 0.270813
vt 0.304517 0.270606
vt 0.304777 0.270562
vt 0.307896 0.269729
vt 0.871278 0.022636
vt 0.301520 0.275660
vt 0.304602 0.271027
vt 0.155854 0.155918
vt 0.874135 0.008654
vt 0.083232 0.464177
vt 0.056185 0.518095
vt 0.109087 0.691468
vt 0.476233 0.505184
vt 0.826405 0.067434
vt 0.112494 0.127475
vt 0.122029 0.122387
vt 0.468304 0.084867
vt 0.426173 0.137078
vt 0.317802 0.262979
vt 0.495931 0.379335
vt 0.312389 0.474663
vt 0.081266 0.441003
vt 0.114190 0.683472
vt 0.309303 0.521905
vt 0.295025 0.431286
vt 0.311637 0.250502
vt 0.182851 0.221801
vt 0.144700 0.137263
vt 0.512398 0.373137
vt 0.430223 0.085281
vt 0.253159 0.243420
vt 0.192617 0.244434
vt 0.169369 0.167538
vt 0.076244 0.110978
vt 0.087870 0.110111
vt 0.099326 0.125511
vt 0.483251 0.387831
vt 0.462461 0.473402
vt 0.481206 0.564784
vt 0.433786 0.102931
vt 0.332680 0.304979
vt 0.537576 0.340033
vt 0.331509 0.564217
vt 0.353596 0.537889
vt 0.262333 0.239050
vt 0.132372 0.664847
vt 0.278952 0.405486
vt 0.050556 0.462131
vt 0.531070 0.347878
vt 0.531733 0.359110
vt 0.864142 0.043721
vt 0.347218 0.408246
vt 0.468898 0.404328
vt 0.153358 0.636938
vt 0.323520 0.484358
vt 0.448265 0.081285
vt 0.135862 0.113652
vt 0.464016 0.440847
vt 0.396105 0.576113
vt 0.848154 0.058160
vt 0.320146 0.199836
vt 0.321607 0.228692
vt 0.164640 0.438106
vt 0.342969 0.570248
vt 0.366055 0.516465
vt 0.306694 0.441753
vt 0.401949 0.156220
vt 0.413046 0.167441
vt 0.398647 0.182560
vt 0.016870 0.496832
vt 0.367565 0.237236
vt 0.339805 0.261601
vt 0.362110 0.226709
vt 0.339663 0.293016
vt 0.212953 0.227044
vt 0.180350 0.183113
vt 0.154423 0.132136
vt 0.392366 0.499622
vt 0.407856 0.490676
vt 0.107154 0.437230
vt 0.201375 0.217055
vt 0.254909 0.187788
vt 0.265919 0.187025
vt 0.367585 0.488432
vt 0.381689 0.130965
vt 0.032337 0.537183
vt 0.434030 0.541071
vt 0.885393 0.030762
vt 0.104576 0.107817
vt 0.412328 0.113595
vt 0.331006 0.204612
vt 0.076411 0.095763
vt 0.461109 0.416567
vt 0.514087 0.354232
vt 0.459791 0.396834
vt 0.357275 0.586096
vt 0.402012 0.121296
vt 0.398410 0.466078
vt 0.875294 0.007898
vt 0.309584 0.182009
vt 0.318460 0.180511
vt 0.321282 0.447594
vt 0.840385 0.092099
vt 0.377755 0.144799
vt 0.385605 0.186399
vt 0.499452 0.347789
vt 0.376535 0.457819
vt 0.300051 0.433595
vt 0.427068 0.094078
vt 0.273679 0.169924
vt 0.199679 0.191962
vt 0.863634 0.084998
vt 0.188337 0.165290
vt 0.111497 0.102148
vt 0.363977 0.233519
vt 0.250132 0.165009
vt 0.402442 0.452308
vt 0.403702 0.465876
vt 0.403745 0.465814
vt 0.403967 0.466322
vt 0.539762 0.373957
vt 0.523070 0.349104
vt 0.403531 0.465177
vt 0.403701 0.465810
vt 0.403618 0.465760
vt 0.853130 0.108436
vt 0.823492 0.102280
vt 0.303179 0.162148
vt 0.440682 0.403846
vt 0.259895 0.139345
vt 0.361540 0.450570
vt 0.401626 0.080046
vt 0.549353 0.368819
vt 0.179560 0.144732
vt 0.401093 0.429110
vt 0.176616 0.109609
vt 0.183537 0.116945
vt 0.169561 0.111963
vt 0.129378 0.087371
vt 0.892942 0.060981
vt 0.482832 0.355688
vt 0.913362 0.019835
vt 0.364091 0.118793
vt 0.453230 0.396210
vt 0.878188 0.033121
vt 0.418653 0.064683
vt 0.297582 0.142958
vt 0.264412 0.126723
vt 0.822125 0.147778
vt 0.885120 0.090240
vt 0.385445 0.422229
vt 0.376931 0.117187
vt 0.291902 0.149640
vt 0.443012 0.399565
vt 0.357031 0.084670
vt 0.346682 0.438417
vt 0.318846 0.141267
vt 0.164033 0.095436
vt 0.368691 0.091764
vt 0.432470 0.365471
vt 0.899253 0.074699
vt 0.370812 0.068487
vt 0.202533 0.138017
vt 0.174872 0.103434
vt 0.151323 0.094137
vt 0.310701 0.126014
vt 0.473388 0.327954
vt 0.815263 0.945353
vt 0.822142 0.968874
vt 0.811221 0.969800
vt 0.920654 0.067307
vt 0.355937 0.420302
vt 0.553943 0.357078
vt 0.536526 0.352263
vt 0.899395 0.148641
vt 0.911265 0.166287
vt 0.890733 0.144553
vt 0.459442 0.381891
vt 0.192767 0.112171
vt 0.524320 0.325522
vt 0.787029 0.960809
vt 0.786773 0.946753
vt 0.413655 0.406365
vt 0.874525 0.191479
vt 0.245411 0.116472
vt 0.241760 0.120401
vt 0.330099 0.111465
vt 0.459689 0.362001
vt 0.835579 0.967292
vt 0.326969 0.109947
vt 0.298188 0.113511
vt 0.181922 0.101742
vt 0.853558 0.934298
vt 0.855177 0.959577
vt 0.916441 0.119937
vt 0.318016 0.066932
vt 0.915930 0.125090
vt 0.257719 0.101905
vt 0.779157 0.922234
vt 0.400108 0.412943
vt 0.235959 0.102316
vt 0.396641 0.411287
vt 0.818852 0.920973
vt 0.201493 0.078278
vt 0.385336 0.398279
vt 0.315744 0.097589
vt 0.235734 0.086752
vt 0.921212 0.151009
vt 0.925766 0.125636
vt 0.200307 0.104330
vt 0.218464 0.096538
vt 0.868238 0.949877
vt 0.882199 0.923054
vt 0.894816 0.918964
vt 0.231503 0.091540
vt 0.157907 0.080791
vt 0.207378 0.101800
vt 0.207420 0.101843
vt 0.207526 0.102034
vt 0.207217 0.101740
vt 0.207511 0.101765
vt 0.207512 0.101717
vt 0.222806 0.086621
vt 0.888108 0.887095
vt 0.768000 0.932089
vt 0.771803 0.949955
vt 0.965398 0.128466
vt 0.931862 0.131423
vt 0.261271 0.087684
vt 0.938617 0.140824
vt 0.133538 0.965401
vt 0.122368 0.967584
vt 0.111090 0.961002
vt 0.239462 0.067815
vt 0.907873 0.873632
vt 0.758835 0.933219
vt 0.745859 0.925800
vt 0.739286 0.915455
vt 0.916450 0.933695
vt 0.785925 0.905803
vt 0.753803 0.942882
vt 0.140340 0.978914
vt 0.133170 0.951213
vt 0.920918 0.892024
vt 0.143153 0.964899
vt 0.750608 0.916640
vt 0.754243 0.891499
vt 0.798904 0.895098
vt 0.947051 0.585700
vt 0.956762 0.584185
vt 0.951354 0.594628
vt 0.959740 0.593193
vt 0.938940 0.567705
vt 0.944198 0.597261
vt 0.934835 0.586284
vt 0.953186 0.604122
vt 0.948992 0.555588
vt 0.969502 0.601046
vt 0.972934 0.571590
vt 0.744825 0.912775
vt 0.091645 0.936488
vt 0.960261 0.608275
vt 0.842361 0.873981
vt 0.743469 0.922733
vt 0.929354 0.598006
vt 0.937780 0.605070
vt 0.811128 0.881943
vt 0.772384 0.917585
vt 0.736361 0.902713
vt 0.965880 0.549125
vt 0.731072 0.920238
vt 0.240819 0.951850
vt 0.930232 0.910510
vt 0.866681 0.861339
vt 0.528696 0.981048
vt 0.232347 0.920224
vt 0.945490 0.617275
vt 0.493643 0.968477
vt 0.144159 0.932921
vt 0.212175 0.946658
vt 0.225133 0.924709
vt 0.505348 0.941402
vt 0.226281 0.958469
vt 0.774467 0.879809
vt 0.498596 0.975823
vt 0.993315 0.594482
vt 0.991825 0.616474
vt 0.985937 0.610386
vt 0.919276 0.540474
vt 0.939637 0.909034
vt 0.933749 0.884897
vt 0.923180 0.870573
vt 0.524942 0.932151
vt 0.915023 0.607920
vt 0.503317 0.978321
vt 0.940997 0.903616
vt 0.958075 0.624851
vt 0.479006 0.968262
vt 0.479460 0.959256
vt 0.832207 0.859758
vt 0.762903 0.878898
vt 0.215787 0.930428
vt 0.930045 0.855133
vt 0.215364 0.939816
vt 0.488574 0.981352
vt 0.799921 0.871327
vt 0.984875 0.576714
vt 0.256481 0.977320
vt 0.945703 0.900568
vt 0.737009 0.893803
vt 0.460063 0.949623
vt 0.474456 0.975391
vt 0.739356 0.881973
vt 0.971242 0.633512
vt 0.797688 0.866416
vt 0.210034 0.925646
vt 0.956765 0.882785
vt 0.472321 0.942037
vt 0.218179 0.915775
vt 0.991992 0.621956
vt 0.840616 0.847066
vt 0.717931 0.897559
vt 0.456502 0.922014
vt 0.173621 0.940675
vt 0.178968 0.930167
vt 0.175449 0.950418
vt 0.761126 0.856360
vt 0.747860 0.869878
vt 0.194722 0.940232
vt 0.948958 0.647535
vt 0.927848 0.650706
vt 0.740552 0.845610
vt 0.461034 0.963116
vt 0.462451 0.975718
vt 0.162440 0.916204
vt 0.932451 0.663031
vt 0.161896 0.955195
vt 0.148510 0.962312
vt 0.195322 0.927929
vt 0.149139 0.928750
vt 0.190205 0.955574
vt 0.805147 0.852170
vt 0.773053 0.838171
vt 0.979776 0.649376
vt 0.206029 0.910387
vt 0.796172 0.827267
vt 0.438227 0.937601
vt 0.953569 0.663054
vt 0.464749 0.992118
vt 0.776548 0.805889
vt 0.749020 0.825953
vt 0.171213 0.916804
vt 0.439149 0.986701
s 1
f 795/1/1 724/2/2 1/3/3
s 0
f 454/4/4 1/3/4 581/5/4
f 3/6/5 4/7/5 7/8/5
s 1
f 3/6/6 853/9/7 2/10/8
f 24/11/9 25/12/10 38/13/11
f 38/13/11 25/12/10 26/14/12
f 25/12/13 24/11/14 32/15/15
s 0
f 27/16/16 38/13/16 28/17/16
f 29/18/17 30/19/17 38/13/17
s 1
f 30/19/16 28/17/16 38/13/16
f 31/20/18 25/12/13 32/15/19
s 0
f 38/13/20 27/16/20 33/21/20
f 33/21/21 27/16/21 34/22/21
f 27/16/22 28/17/22 34/22/22
f 34/22/22 28/17/22 35/23/22
f 28/17/21 30/19/21 35/23/21
f 30/19/22 29/18/22 35/23/22
f 35/23/21 29/18/21 36/24/21
s 1
f 36/24/23 29/18/24 26/14/25
f 29/18/24 38/13/26 26/14/25
f 38/13/27 33/21/28 37/25/29
f 33/21/28 34/22/30 37/25/29
f 34/22/30 35/23/30 37/25/29
f 35/23/30 36/24/30 37/25/29
s 0
f 36/24/31 26/14/31 37/25/31
s 1
f 38/13/27 37/25/29 39/26/32
f 25/12/33 31/20/34 26/14/35
s 0
f 32/15/36 24/11/36 858/27/36
f 858/27/37 24/11/37 38/13/37
s 1
f 26/14/38 31/20/39 40/28/40
s 0
f 59/29/41 60/30/41 58/31/41
f 470/32/42 60/30/42 59/29/42
s 1
f 65/33/43 61/34/44 482/35/45
s 0
f 86/36/46 87/37/46 92/38/46
f 92/38/47 87/37/47 89/39/47
f 94/40/48 87/37/48 88/41/48
f 88/41/49 87/37/49 86/36/49
s 1
f 92/38/50 90/42/51 95/43/52
s 0
f 88/41/53 86/36/53 91/44/53
s 1
f 86/36/54 92/38/50 95/43/52
f 89/39/55 97/45/56 92/38/57
s 0
f 91/44/58 86/36/58 95/46/58
f 89/39/59 87/37/59 94/40/59
s 1
f 250/47/60 94/40/61 88/41/62
f 89/39/55 285/48/63 97/45/56
s 0
f 285/48/64 89/39/64 96/49/64
f 89/39/65 94/40/65 96/49/65
s 1
f 106/50/66 105/51/67 107/52/68
s 0
f 114/53/69 109/54/69 110/55/69
s 1
f 111/56/70 114/53/71 110/55/72
f 114/53/73 112/57/74 109/54/75
s 0
f 110/55/76 109/54/76 108/58/76
s 1
f 112/57/77 114/53/78 115/59/79
f 116/60/80 114/53/71 111/56/70
f 115/59/79 114/53/78 116/60/81
f 109/54/75 112/57/74 117/61/82
f 110/55/83 108/58/84 188/62/85
s 0
f 119/63/86 109/54/86 117/61/86
f 109/54/87 119/63/87 108/58/87
s 1
f 111/56/88 110/55/83 188/62/85
f 136/64/89 131/65/90 130/66/91
f 131/65/90 132/67/92 130/66/91
f 130/66/91 133/68/93 136/64/89
s 0
f 135/69/94 131/65/94 136/64/94
s 1
f 144/70/95 132/67/92 131/65/90
f 132/67/96 137/71/97 130/66/98
f 132/67/99 144/70/100 143/72/101
f 133/68/102 138/73/103 141/74/104
f 129/75/105 141/74/104 138/73/103
f 141/74/104 129/75/105 128/76/106
f 137/71/97 132/67/96 143/72/107
s 0
f 144/70/108 131/65/108 160/77/108
f 131/65/109 135/69/109 160/77/109
s 1
f 133/68/93 157/78/110 136/64/89
f 133/68/93 141/74/111 157/78/110
s 0
f 128/76/112 163/79/112 127/80/112
s 1
f 133/68/102 130/66/113 138/73/103
f 130/66/113 137/71/114 138/73/103
f 135/69/115 136/64/116 155/81/117
f 137/71/97 143/72/107 120/82/118
f 153/83/119 125/84/120 135/69/121
f 148/85/122 146/86/123 147/87/124
f 124/88/125 147/87/124 146/86/123
f 150/89/126 149/90/127 123/91/128
f 150/92/126 123/93/128 151/94/129
f 123/93/128 148/85/122 151/94/129
f 146/86/123 148/85/122 123/95/128
f 149/90/130 145/96/131 153/83/119
f 139/97/132 138/73/103 137/71/114
f 145/96/133 149/90/127 150/89/126
f 210/98/134 128/76/106 127/80/135
s 0
f 126/99/136 154/100/136 156/101/136
s 1
f 151/94/129 148/85/122 158/102/137
f 141/74/104 128/76/106 210/98/134
s 0
f 128/76/138 129/75/138 159/103/138
s 1
f 135/69/121 125/84/139 160/77/140
f 153/83/119 145/96/131 125/84/120
f 210/98/141 127/80/142 190/104/143
s 0
f 128/76/144 159/103/144 163/79/144
s 1
f 145/96/133 150/89/126 121/105/145
f 122/106/146 147/87/124 175/107/147
f 135/69/121 155/81/148 153/83/119
f 155/81/149 136/64/116 157/78/150
f 158/102/137 148/85/122 147/87/124
f 124/88/125 173/108/151 147/87/124
f 205/109/152 157/78/153 141/74/111
f 190/104/143 127/80/142 126/99/154
s 0
f 184/110/155 139/97/155 166/111/155
f 157/78/156 205/109/156 171/112/156
s 1
f 190/104/143 126/99/154 156/101/157
f 126/99/158 127/80/159 154/100/160
f 138/73/161 164/113/162 129/75/163
f 129/75/164 164/113/165 165/114/166
s 0
f 165/115/167 164/113/167 138/73/167
s 1
f 166/111/168 139/97/169 120/82/170
f 175/107/171 147/87/172 173/108/151
f 198/116/173 127/80/159 163/79/174
s 0
f 159/103/175 129/75/175 167/117/175
f 129/75/176 165/114/176 167/117/176
s 1
f 167/117/177 165/118/178 169/119/179
f 169/119/180 165/118/178 168/120/181
f 165/115/182 138/73/183 168/120/181
s 0
f 138/73/184 139/97/184 172/121/184
s 1
f 203/122/185 120/82/118 143/72/107
f 143/72/101 144/70/100 220/123/186
f 150/92/187 151/94/129 158/102/137
f 147/87/124 122/106/146 162/124/188
f 124/88/189 146/86/190 161/125/191
f 159/103/192 167/117/177 169/119/179
f 169/119/180 168/120/181 138/73/183
f 139/97/193 137/71/194 120/82/170
f 122/106/146 175/107/147 170/126/195
f 149/90/130 153/83/119 209/127/196
f 174/128/197 141/74/104 210/98/134
f 154/100/160 127/80/159 198/116/173
f 147/87/124 162/124/188 158/129/137
f 145/96/133 121/105/145 125/84/139
f 121/105/198 150/89/187 179/130/199
s 0
f 173/108/200 124/88/200 161/125/200
s 1
f 146/86/190 123/95/201 180/131/202
f 153/83/119 155/81/148 209/127/196
f 161/125/191 146/86/190 180/131/202
f 123/91/201 149/90/130 209/127/196
f 163/79/174 159/103/192 169/119/179
f 169/119/180 138/73/183 108/58/203
f 185/132/204 162/124/188 122/106/146
f 205/109/152 141/74/111 174/128/205
s 0
f 182/133/206 181/134/206 183/135/206
f 181/134/207 139/97/207 183/135/207
s 1
f 183/135/208 139/97/209 184/110/210
f 150/92/187 158/102/137 179/136/199
f 198/116/173 163/79/174 169/119/179
s 0
f 116/60/211 111/56/211 216/137/211
f 172/121/212 139/97/212 189/138/212
s 1
f 139/97/213 181/134/214 189/138/215
f 181/134/214 182/139/216 189/138/215
s 0
f 189/138/217 182/140/217 184/110/217
s 1
f 182/140/218 183/135/208 184/110/210
f 121/105/145 215/141/219 125/84/139
f 186/142/220 185/132/204 122/106/146
f 209/143/196 155/81/148 171/112/221
f 155/81/148 157/78/222 171/112/221
f 197/144/223 154/100/160 198/116/173
f 172/121/224 189/138/225 184/110/226
f 178/145/227 107/52/228 177/146/229
s 0
f 107/52/230 105/147/230 177/146/230
s 1
f 177/146/231 105/147/232 191/148/233
f 105/147/234 106/149/235 191/148/236
s 0
f 191/148/237 106/50/237 178/145/237
s 1
f 106/50/238 107/52/68 178/145/239
f 122/106/146 170/126/195 186/142/220
f 193/150/240 180/131/202 123/95/201
f 123/95/201 209/151/196 193/150/240
f 187/152/241 154/100/160 197/144/223
f 198/116/173 169/119/179 194/153/242
s 0
f 216/137/243 111/56/243 188/154/243
s 1
f 177/146/231 191/148/233 192/155/244
s 0
f 191/148/245 178/145/245 192/155/245
s 1
f 178/145/246 177/146/229 203/156/247
f 177/157/229 166/111/168 120/82/170
f 200/158/248 179/136/249 158/102/137
f 162/124/188 185/132/204 196/159/250
s 0
f 211/160/251 117/61/251 112/57/251
s 1
f 244/161/252 143/72/253 220/123/254
f 160/77/140 125/84/139 215/141/219
f 108/58/255 138/73/256 172/121/224
f 212/162/257 143/72/253 244/161/252
f 160/77/140 215/141/219 144/70/258
f 203/122/247 177/163/229 120/82/170
f 158/102/137 162/164/188 200/158/248
f 162/124/188 196/159/250 214/165/259
f 156/101/260 154/100/261 187/152/262
s 0
f 203/122/263 143/72/263 199/166/263
s 1
f 213/167/264 215/141/265 121/105/198
f 200/168/248 162/124/188 214/165/259
f 196/159/250 185/132/204 208/169/266
f 194/153/267 169/119/180 108/58/203
f 192/155/268 178/145/269 203/156/270
f 170/126/271 175/107/272 217/170/273
f 156/101/260 187/152/262 190/104/274
s 0
f 195/171/275 116/60/275 216/137/275
s 1
f 108/58/255 172/121/224 219/172/276
f 121/173/198 179/136/199 207/174/277
f 175/107/272 173/108/278 217/170/273
f 173/108/279 161/125/280 231/175/281
f 197/144/223 198/116/173 194/153/282
s 0
f 119/63/283 117/61/283 211/160/283
f 112/57/284 115/59/284 211/160/284
s 1
f 115/59/285 116/60/286 201/176/287
s 0
f 216/137/288 188/154/288 218/177/288
s 1
f 188/62/289 108/58/255 219/172/276
f 199/166/290 143/72/291 212/162/292
f 234/178/293 161/125/294 180/131/295
f 220/123/296 144/70/258 215/141/219
f 213/167/264 121/105/198 207/179/277
f 185/132/204 221/180/297 208/169/266
f 231/175/281 161/125/294 234/178/293
f 180/131/295 193/150/298 224/181/299
s 0
f 119/63/300 211/160/300 222/182/300
s 1
f 177/146/301 192/155/302 223/183/303
f 192/155/302 202/184/304 223/183/303
f 186/142/220 221/180/297 185/132/204
f 193/150/240 209/151/196 102/185/305
f 108/58/203 119/63/306 194/153/267
s 0
f 232/186/307 202/184/307 228/187/307
s 1
f 221/180/297 186/142/220 229/188/308
f 186/142/220 170/126/309 230/189/310
f 201/176/287 116/60/286 195/171/311
f 219/172/276 172/121/224 184/190/226
f 104/191/312 179/136/249 200/158/248
f 230/189/313 170/126/271 217/170/273
f 190/104/274 187/152/262 100/192/314
s 0
f 115/59/315 201/176/315 226/193/315
s 1
f 234/178/293 180/131/295 224/181/299
f 205/109/152 174/128/205 247/194/316
f 187/152/317 197/144/318 245/195/319
f 166/196/320 177/146/301 223/183/303
f 207/174/321 179/136/249 104/191/312
f 104/191/312 200/158/248 214/197/259
f 102/185/305 209/151/196 101/198/322
f 101/198/322 209/151/196 171/199/221
f 197/144/223 194/153/282 246/200/323
f 219/201/276 184/110/226 166/111/320
f 207/174/321 104/191/312 233/202/324
f 186/142/220 230/189/310 229/188/308
s 0
f 187/152/325 245/195/325 100/192/325
f 211/160/326 115/59/326 226/193/326
s 1
f 103/203/327 220/123/328 215/141/265
s 0
f 237/204/329 232/186/329 228/187/329
s 1
f 214/205/259 196/206/250 251/207/330
f 174/128/331 210/98/332 238/208/333
f 238/208/333 210/98/332 190/104/274
s 0
f 222/182/334 226/193/334 235/209/334
f 226/193/335 201/176/335 235/209/335
s 1
f 219/201/336 166/111/320 223/210/303
f 202/184/337 192/155/268 203/156/270
f 215/141/265 213/167/264 103/203/327
f 251/207/330 196/206/250 99/211/338
f 231/175/281 234/178/293 258/212/339
s 0
f 211/160/340 226/193/340 222/182/340
f 195/171/341 216/137/341 218/177/341
s 1
f 196/206/250 208/213/266 99/211/338
f 231/175/281 248/214/342 173/108/343
s 0
f 241/215/67 240/216/67 242/217/67
f 242/217/344 240/218/344 243/219/344
f 240/220/345 232/186/345 243/219/345
f 243/219/346 232/186/346 237/204/346
s 1
f 98/221/347 102/185/305 101/198/322
f 190/104/274 100/192/314 238/208/333
s 0
f 195/171/348 218/177/348 252/222/348
s 1
f 223/183/303 202/184/304 265/223/349
f 202/184/304 232/186/350 250/47/351
f 232/186/352 240/220/353 236/224/354
s 0
f 240/220/355 241/215/355 236/224/355
f 241/215/356 242/217/356 236/224/356
f 242/217/357 243/219/357 236/224/357
s 1
f 243/219/358 237/204/359 236/224/360
f 202/184/361 203/156/270 228/187/362
f 220/123/363 103/203/364 244/161/365
f 217/170/366 173/108/343 248/214/342
f 224/181/367 193/150/368 102/185/369
s 0
f 101/225/370 171/112/370 205/109/370
f 245/195/371 239/226/371 100/192/371
s 1
f 194/153/267 119/63/306 264/227/372
f 119/63/306 222/182/373 264/227/372
f 99/211/338 208/213/266 260/228/374
f 265/223/349 202/184/304 250/47/351
f 257/229/375 208/169/376 221/180/377
f 232/186/378 236/224/379 250/47/60
f 256/230/380 251/207/330 99/211/338
f 229/188/381 230/189/382 84/231/383
s 0
f 201/232/384 195/171/384 252/222/384
s 1
f 203/122/270 199/166/385 228/233/362
f 212/162/257 244/161/252 261/234/386
f 104/235/312 214/205/259 251/207/330
f 260/228/374 208/213/266 253/236/387
f 253/237/388 208/169/376 257/229/375
f 254/238/389 257/229/390 221/180/391
f 245/195/319 197/144/318 269/239/392
s 0
f 201/176/393 252/240/393 235/209/393
s 1
f 218/177/394 188/154/395 219/241/396
s 0
f 92/38/397 97/45/397 85/242/397
s 1
f 274/243/398 212/162/257 261/234/386
f 251/207/399 256/230/380 278/244/400
f 234/178/401 224/181/367 102/185/369
f 246/200/402 194/153/267 264/227/372
s 0
f 90/42/403 92/38/403 85/242/403
s 1
f 213/245/404 207/174/405 233/202/324
f 233/246/324 104/247/312 255/248/406
f 230/189/407 217/170/366 248/214/342
f 258/212/339 248/214/342 231/175/281
f 261/234/408 244/161/409 277/249/410
f 221/180/391 229/188/381 254/238/389
f 238/208/333 100/192/314 259/250/411
f 239/251/412 245/252/413 279/253/414
f 218/177/394 219/241/396 223/254/415
f 255/248/406 104/247/312 251/255/330
f 254/238/389 229/188/381 84/231/383
f 263/256/416 248/214/342 258/212/339
f 292/257/417 247/194/316 174/128/205
f 197/144/318 246/200/418 269/239/392
f 246/200/402 264/227/372 303/258/419
s 0
f 262/259/420 95/43/420 90/42/420
s 1
f 103/203/364 213/167/404 267/260/421
f 102/185/369 98/221/422 310/261/423
f 250/47/60 88/41/62 265/262/424
f 237/204/359 228/187/425 199/263/290
f 103/203/364 267/260/421 244/161/365
f 213/167/404 233/264/324 267/260/421
f 234/178/401 102/185/369 310/261/423
f 100/192/314 239/226/426 259/250/411
f 218/265/394 223/183/415 265/223/424
s 0
f 95/43/427 262/259/427 266/266/427
s 1
f 259/267/428 239/251/412 279/253/414
f 222/182/373 81/268/429 264/227/372
f 233/246/324 255/248/406 271/269/430
f 101/198/431 205/270/432 83/271/433
s 0
f 91/272/434 95/43/434 266/266/434
f 262/259/435 90/42/435 280/273/435
s 1
f 96/274/436 94/40/61 250/47/60
f 237/275/359 199/166/290 212/162/292
f 230/189/407 248/214/342 84/231/437
f 83/271/433 205/270/438 247/276/439
f 278/244/400 256/230/380 268/277/440
f 98/221/441 101/198/431 83/271/433
f 267/260/421 233/264/324 270/278/442
f 302/279/443 174/128/205 238/208/444
s 0
f 222/182/445 235/209/445 276/280/445
f 276/280/446 235/209/446 252/281/446
f 285/48/447 96/49/447 296/282/447
s 1
f 236/224/360 237/204/359 212/283/292
f 255/248/406 251/207/448 278/244/449
f 292/257/417 174/128/205 302/279/443
s 0
f 81/268/450 222/182/450 276/280/450
s 1
f 252/222/451 218/177/394 276/284/452
s 0
f 266/266/453 262/259/453 273/285/453
s 1
f 250/47/60 236/224/379 281/286/454
f 301/287/455 255/248/406 278/244/449
s 0
f 256/230/456 99/211/456 260/228/456
s 1
f 286/288/457 253/236/458 257/289/459
f 282/290/460 257/289/459 254/291/461
f 234/178/401 310/261/423 288/292/462
f 269/239/463 279/293/464 245/195/465
f 276/294/452 218/295/394 265/262/424
s 0
f 280/273/466 90/42/466 85/242/466
f 85/242/467 97/45/467 284/296/467
s 1
f 244/161/365 267/297/421 277/249/468
f 269/239/392 246/200/418 303/258/469
s 0
f 276/294/470 88/41/470 91/44/470
f 284/296/471 97/45/471 285/48/471
s 1
f 96/274/436 250/47/60 281/286/454
f 312/298/472 261/234/408 277/249/410
f 295/299/473 267/260/421 270/278/442
f 233/264/324 271/300/430 270/278/442
f 271/269/430 255/248/406 301/287/455
f 260/228/474 253/236/458 286/288/457
f 84/231/437 248/214/342 82/301/475
f 287/302/476 263/256/477 258/212/478
f 258/212/478 234/178/401 288/292/462
f 265/262/424 88/41/62 276/294/452
f 248/214/342 263/256/479 82/301/475
s 0
f 280/303/480 85/242/480 284/296/480
s 1
f 277/304/468 267/260/421 295/299/473
f 294/305/481 256/230/482 260/228/483
f 289/306/484 290/307/485 291/308/486
f 303/258/419 264/227/372 81/268/487
s 0
f 273/285/488 262/259/488 280/273/488
s 1
f 296/282/489 96/49/490 293/309/491
f 268/277/492 256/230/493 294/305/494
f 73/310/495 98/221/441 83/271/433
f 247/311/439 292/312/496 283/313/497
f 302/279/443 238/208/444 259/250/498
f 300/314/499 274/243/398 261/234/386
f 286/288/457 257/289/459 282/290/460
f 287/302/476 258/212/478 288/315/462
f 83/316/433 247/311/439 283/313/497
s 0
f 314/317/500 289/306/500 80/318/500
s 1
f 291/319/501 283/313/502 302/320/503
f 279/253/504 269/321/505 77/322/506
f 212/162/292 274/243/507 236/323/360
f 274/243/398 300/314/499 299/324/508
f 300/314/499 261/234/386 312/298/509
f 294/305/481 260/228/483 286/288/510
f 84/231/437 82/301/475 69/325/511
f 98/221/441 73/310/495 310/261/512
f 314/317/513 290/307/485 289/306/484
f 78/326/514 278/244/515 268/277/516
f 263/256/477 327/327/517 82/301/518
f 327/327/517 263/256/477 287/302/476
f 302/320/519 283/313/502 292/312/520
f 269/239/392 303/258/469 306/328/521
f 81/268/487 79/329/522 303/258/419
f 311/330/523 81/268/524 276/280/525
f 276/331/525 91/272/526 266/266/527
s 0
f 284/296/528 285/48/528 296/282/528
s 1
f 301/287/455 278/244/515 78/326/514
f 254/332/529 84/231/437 69/325/511
s 0
f 284/296/530 296/282/530 307/333/530
s 1
f 270/334/442 271/269/430 301/287/455
f 269/239/531 306/328/532 77/335/533
s 0
f 280/273/534 307/336/534 273/285/534
f 280/303/535 284/296/535 307/333/535
s 1
f 293/309/536 96/49/436 281/337/454
f 299/324/508 300/314/499 308/338/537
f 282/290/538 254/291/529 72/339/539
f 236/224/360 274/340/507 281/286/540
f 308/338/541 300/314/542 309/341/543
f 270/342/442 301/287/455 305/343/544
f 71/344/545 268/277/492 294/305/494
f 73/310/495 83/271/433 283/345/497
f 293/309/536 281/337/454 297/346/546
f 297/346/546 75/347/547 315/348/548
f 286/288/549 282/290/538 72/339/539
f 254/291/529 69/349/511 72/339/539
f 81/268/487 311/330/550 79/329/522
f 312/298/551 277/249/468 295/350/473
f 295/351/473 270/342/442 305/343/544
f 76/352/552 313/353/553 290/354/554
s 0
f 283/313/555 291/319/555 290/355/555
s 1
f 289/356/556 291/357/557 317/358/558
s 0
f 80/318/559 289/306/559 335/359/559
s 1
f 317/358/558 291/357/557 302/360/560
f 311/330/523 276/280/525 70/361/561
f 301/287/455 78/326/514 319/362/562
f 295/350/473 323/363/563 312/298/551
f 82/301/518 327/327/517 74/364/564
f 328/365/565 303/258/566 79/329/567
f 281/366/540 274/243/507 299/324/568
f 76/352/569 290/354/570 314/367/571
f 303/258/566 328/365/565 306/328/572
f 72/339/539 320/368/573 286/288/549
f 82/301/518 74/364/564 67/369/574
f 288/292/575 310/261/512 345/370/576
f 345/370/576 310/261/512 73/371/495
s 0
f 279/253/577 77/322/577 325/372/577
s 1
f 266/266/527 273/285/578 276/331/525
f 323/363/563 295/350/473 305/373/544
f 306/374/532 322/375/579 77/322/533
f 311/330/580 70/361/581 329/376/582
f 297/346/546 315/348/548 293/309/536
f 75/347/547 318/377/583 315/348/548
f 299/324/508 308/338/537 341/378/584
f 82/301/518 67/369/574 69/325/585
f 73/379/495 283/313/497 290/355/586
f 76/352/552 342/380/587 313/353/553
f 70/361/561 276/280/525 273/381/578
f 297/346/588 281/337/540 299/382/568
f 308/338/541 309/341/543 330/383/589
f 305/343/544 301/287/455 319/362/562
f 287/384/590 288/292/575 345/370/576
f 335/385/591 289/356/592 317/358/593
f 326/386/594 302/387/595 259/388/596
f 315/348/548 318/377/583 336/389/597
f 300/390/598 312/298/551 323/363/563
s 0
f 80/318/599 335/359/599 334/391/599
f 279/253/600 325/372/600 259/267/600
s 1
f 346/392/601 79/329/602 311/330/580
f 70/393/561 273/285/578 307/336/603
f 335/385/591 317/358/593 332/394/604
f 339/395/605 75/347/606 297/346/588
f 319/362/607 78/326/608 331/396/609
f 71/344/545 348/397/610 268/277/492
f 354/398/611 80/318/612 334/391/613
f 346/392/601 328/365/614 79/329/602
f 307/333/615 296/282/489 293/309/491
f 71/344/616 294/305/617 348/397/618
f 286/288/549 320/368/573 294/305/619
f 337/399/620 72/339/621 69/349/585
f 69/349/585 67/400/574 337/399/620
f 313/353/622 342/380/623 469/401/624
f 311/330/580 329/376/582 346/392/601
f 293/309/536 315/348/548 340/402/625
f 351/403/626 305/343/544 319/362/562
f 268/277/492 348/397/610 78/326/608
f 287/302/590 345/404/576 327/327/627
f 76/352/569 314/367/571 350/405/628
f 339/395/605 297/346/588 299/382/568
f 351/403/626 319/362/562 333/406/629
f 68/407/630 72/339/621 337/399/620
f 80/318/631 354/398/632 314/317/633
f 73/371/495 290/408/586 345/370/576
f 317/358/634 302/387/635 326/386/636
f 259/267/596 325/372/637 326/409/594
f 323/410/563 305/343/544 351/403/626
f 331/396/609 78/326/608 348/397/610
f 294/305/619 320/368/573 347/411/638
f 350/405/639 314/367/633 354/412/632
f 344/413/640 325/372/641 77/322/642
f 307/414/643 293/309/536 340/402/625
f 356/415/644 340/402/625 315/348/548
f 318/377/645 75/347/606 339/395/605
f 345/416/576 290/354/586 313/353/646
f 315/348/548 336/389/597 57/417/647
f 57/417/647 336/389/597 338/418/648
f 341/378/584 308/338/537 330/383/649
f 300/314/598 323/419/563 309/341/650
f 348/397/618 294/305/617 347/411/651
f 320/368/652 72/339/653 68/407/654
f 70/361/655 307/420/656 340/421/657
f 339/422/605 299/324/568 341/378/658
f 319/362/659 331/396/660 333/406/661
f 76/352/662 350/405/663 342/380/664
s 0
f 332/394/665 317/358/665 484/423/665
s 1
f 353/424/666 329/376/582 70/361/581
f 356/415/644 315/348/548 57/417/647
f 354/398/611 334/391/613 456/425/667
f 456/425/668 334/391/669 343/426/670
f 346/392/671 329/376/582 352/427/672
f 336/389/673 318/377/645 339/395/605
f 66/428/674 317/358/634 326/386/675
f 306/328/532 328/365/676 322/429/579
f 70/361/655 340/421/657 353/424/677
f 323/430/563 351/431/626 309/432/650
f 327/327/627 345/433/576 449/434/678
s 0
f 358/435/679 360/436/679 359/437/679
f 358/435/680 359/437/680 361/438/680
s 1
f 360/436/681 358/435/682 390/439/683
s 0
f 363/440/684 364/441/684 365/442/684
f 369/443/685 371/444/685 368/445/685
f 371/444/686 370/446/686 368/445/686
f 372/447/687 370/446/687 371/444/687
s 1
f 374/448/688 369/443/689 367/449/690
s 0
f 382/450/691 367/449/691 376/451/691
f 366/452/692 364/441/692 377/453/692
f 363/440/693 376/451/693 378/454/693
f 376/451/694 363/440/694 365/442/694
f 377/453/695 364/441/695 363/440/695
f 368/445/696 370/446/696 381/455/696
f 369/443/697 374/448/697 371/444/697
f 370/446/698 372/447/698 375/456/698
s 1
f 364/441/699 366/452/700 387/457/701
s 0
f 366/452/702 373/458/702 380/459/702
f 379/460/703 369/443/703 368/445/703
f 366/452/704 377/453/704 373/458/704
f 377/461/705 363/440/705 378/454/705
f 376/451/706 367/449/706 378/454/706
s 1
f 370/446/707 375/456/707 381/455/707
s 0
f 369/443/708 379/460/708 367/449/708
s 1
f 367/449/690 382/450/709 374/448/688
f 387/457/701 365/442/710 364/441/699
s 0
f 373/462/711 383/463/711 380/464/711
s 1
f 365/442/710 387/457/701 384/465/712
s 0
f 367/449/713 379/466/713 378/454/713
f 379/460/714 368/445/714 381/455/714
s 1
f 365/467/710 382/450/715 376/451/716
s 0
f 390/439/717 381/468/717 375/469/717
s 1
f 372/447/718 371/444/719 385/470/720
f 385/470/720 371/444/719 374/471/721
f 373/462/722 377/472/723 383/463/724
f 388/473/725 377/474/723 378/475/726
s 0
f 387/457/727 366/452/727 380/459/727
s 1
f 383/476/724 377/474/723 388/473/728
f 365/442/710 384/465/712 382/477/715
s 0
f 380/464/729 383/463/729 392/478/729
s 1
f 378/475/730 379/479/731 386/480/732
f 384/465/733 387/457/734 395/481/735
f 381/468/736 390/439/737 389/482/738
f 393/483/739 375/456/740 372/447/740
f 385/470/720 374/471/741 394/484/742
s 0
f 388/473/743 378/475/743 386/480/743
s 1
f 386/480/732 379/479/731 381/485/744
f 390/439/683 391/486/745 360/436/681
s 0
f 361/438/746 359/437/746 398/487/746
s 1
f 394/484/742 374/471/741 382/488/747
s 0
f 359/437/748 360/436/748 362/489/748
s 1
f 397/490/749 384/465/733 395/481/735
s 0
f 393/483/750 372/447/750 385/470/750
s 1
f 384/465/751 397/490/752 382/477/753
f 392/478/754 383/463/755 396/491/756
f 362/489/757 360/436/758 391/486/759
s 0
f 387/457/760 380/459/760 410/492/760
s 1
f 361/438/761 389/482/762 358/435/763
f 394/484/764 382/488/753 397/493/752
s 0
f 410/492/765 380/459/765 392/494/765
s 1
f 390/439/766 358/435/767 389/482/768
s 0
f 390/439/769 375/469/769 391/486/769
s 1
f 396/491/770 383/463/771 388/495/772
f 385/470/773 394/484/774 400/496/775
f 386/497/776 381/468/736 389/482/738
s 0
f 399/498/777 359/437/777 362/489/777
s 1
f 375/456/778 393/483/779 391/499/759
f 397/490/780 401/500/781 409/501/782
s 0
f 403/502/783 386/497/783 389/482/783
s 1
f 389/482/762 361/438/761 413/503/784
f 395/481/785 387/457/786 408/504/787
f 408/504/787 387/457/786 410/492/788
f 396/505/770 388/473/772 386/480/789
f 393/506/790 385/470/791 400/496/775
f 394/507/764 397/490/752 409/501/782
s 0
f 414/508/792 401/500/792 404/509/792
s 1
f 410/510/793 392/478/754 396/491/756
f 409/511/794 400/496/775 394/484/774
s 0
f 398/487/795 359/437/795 399/498/795
f 419/512/796 414/508/796 404/509/796
f 396/513/797 386/497/797 403/502/797
s 1
f 401/500/798 397/490/799 404/509/800
s 0
f 416/514/801 409/501/801 401/500/801
s 1
f 414/508/802 407/515/803 412/516/804
f 404/509/800 397/490/799 395/481/805
s 0
f 413/503/806 361/438/806 427/517/806
s 1
f 362/489/757 391/486/759 393/518/779
f 401/500/807 414/508/808 425/519/809
f 428/520/810 412/516/804 407/515/803
f 416/514/811 401/500/807 425/519/809
f 415/521/812 408/522/813 410/523/814
s 0
f 427/517/815 361/438/815 398/487/815
s 1
f 362/524/816 393/525/817 400/526/818
f 416/514/819 400/526/820 409/501/821
s 0
f 395/481/822 408/504/822 404/527/822
s 1
f 403/502/823 389/482/824 413/503/825
f 414/508/826 422/528/827 425/519/828
f 414/508/826 412/516/829 422/528/827
f 396/513/830 403/502/823 413/503/825
f 419/512/831 404/509/832 418/529/833
f 410/510/834 396/491/835 413/530/836
f 417/531/837 362/524/816 400/526/818
f 399/498/838 362/489/839 433/532/840
f 410/523/834 413/533/836 415/521/841
s 0
f 398/487/842 399/498/842 433/532/842
s 1
f 400/526/820 416/514/819 420/534/843
s 0
f 414/508/844 419/512/844 407/515/844
s 1
f 400/526/820 420/534/843 421/535/845
f 421/536/846 420/534/843 416/514/819
f 433/537/840 362/524/847 417/531/848
f 417/531/837 400/526/818 423/538/849
f 400/526/820 421/535/845 423/538/850
f 423/538/851 421/539/852 425/519/853
s 0
f 425/519/854 421/539/854 424/540/854
f 421/536/855 416/514/855 424/540/855
s 1
f 417/531/856 423/538/851 425/519/853
f 424/540/857 416/514/811 425/519/809
s 0
f 418/529/858 404/509/858 408/541/858
s 1
f 425/519/859 422/528/827 434/542/860
s 0
f 428/520/861 407/515/861 439/543/861
s 1
f 408/522/813 415/521/862 418/544/863
f 357/545/864 412/516/865 428/520/866
f 407/515/867 419/512/868 431/546/869
f 430/547/870 417/531/871 425/519/872
f 422/528/873 412/516/874 357/545/875
f 419/548/868 432/549/876 431/550/869
f 415/551/877 413/503/877 427/517/877
s 0
f 439/543/878 407/515/878 431/546/878
s 1
f 427/552/879 398/487/880 433/532/881
f 436/553/882 434/542/883 422/528/884
f 444/554/885 357/545/864 428/520/866
f 440/555/886 419/548/887 418/556/833
s 0
f 438/557/888 425/519/888 434/542/888
s 1
f 428/520/889 439/543/890 437/558/891
f 431/550/892 432/549/892 462/559/892
f 437/558/893 439/543/894 435/560/895
f 443/561/896 417/562/871 430/563/870
f 422/528/873 357/545/875 436/553/897
f 444/554/898 428/520/889 437/558/891
s 0
f 433/564/899 417/562/899 443/561/899
s 1
f 415/551/900 427/517/901 433/565/902
f 430/547/903 425/519/903 438/557/903
s 0
f 419/548/904 440/555/904 432/549/904
s 1
f 418/566/905 415/551/900 433/565/902
s 0
f 443/561/906 430/563/906 56/567/906
f 430/563/907 62/568/907 56/567/907
s 1
f 434/542/908 436/553/909 445/569/910
f 436/553/911 357/545/912 451/570/913
f 357/545/864 444/554/885 451/570/914
f 440/555/915 433/564/916 443/561/917
s 0
f 435/560/918 439/543/918 431/571/918
s 1
f 440/555/886 418/556/833 433/572/919
s 0
f 430/547/920 438/557/920 62/573/920
s 1
f 448/574/921 335/385/922 332/394/923
f 74/364/924 327/327/627 449/434/678
f 345/416/576 313/353/646 469/401/925
f 469/401/926 342/380/623 349/575/927
f 349/575/927 342/380/623 461/576/928
f 343/426/929 334/391/930 448/577/931
s 0
f 463/578/932 330/579/932 309/432/932
s 1
f 320/368/652 68/407/654 458/580/933
f 350/405/663 474/581/934 342/380/664
s 0
f 444/554/935 437/558/935 475/582/935
f 434/542/936 445/569/936 438/557/936
s 1
f 344/413/640 77/322/937 322/375/938
f 508/583/939 341/378/584 330/383/649
f 347/411/940 468/584/941 348/397/942
s 0
f 337/399/943 67/400/943 68/407/943
s 1
f 74/364/924 449/434/678 67/369/944
f 435/560/945 431/571/946 462/585/947
s 0
f 476/586/948 436/553/948 451/570/948
s 1
f 343/587/949 448/588/950 444/554/951
f 432/549/952 440/555/953 491/589/954
f 440/555/915 443/561/917 478/590/955
f 334/391/930 335/359/956 448/577/931
f 322/429/579 328/365/676 346/392/957
f 338/418/958 336/389/959 457/591/960
f 333/406/661 331/396/660 348/397/942
s 0
f 444/592/961 475/593/961 745/594/961
s 1
f 475/582/962 437/558/963 435/560/964
s 0
f 484/423/965 317/358/965 66/428/965
s 1
f 453/595/966 322/375/579 346/596/957
f 463/578/967 309/432/650 351/431/626
f 351/403/626 333/406/629 495/597/968
f 449/434/678 345/433/576 469/598/925
s 0
f 478/590/969 443/561/969 447/599/969
s 1
f 332/394/923 484/423/970 448/574/921
f 353/424/666 460/600/971 329/376/582
s 0
f 353/424/972 340/402/972 356/415/972
s 1
f 336/389/673 339/395/605 457/591/973
f 471/601/974 341/378/584 508/583/939
f 487/602/975 67/369/944 449/434/678
f 64/603/976 65/33/977 63/604/978
f 63/604/979 65/33/43 482/35/45
f 482/35/980 61/34/980 58/31/980
s 0
f 447/599/981 443/561/981 56/567/981
s 1
f 326/409/982 325/372/983 344/413/984
f 485/605/985 453/595/966 346/596/957
f 352/427/672 329/376/582 460/600/971
f 347/411/940 320/368/652 464/606/986
f 461/576/987 342/380/988 490/607/989
f 474/581/990 350/405/991 465/608/992
f 465/608/992 350/405/991 354/412/993
f 466/609/994 65/33/995 64/603/996
f 445/569/910 436/553/909 476/586/997
f 480/610/998 338/418/999 494/611/1000
f 339/422/605 341/378/1001 457/612/973
f 463/613/967 351/403/626 495/597/968
f 503/614/1002 333/406/661 348/397/942
f 468/584/941 347/411/940 464/606/986
f 458/580/1003 68/407/1004 481/615/1005
f 354/398/1006 456/425/1007 465/616/1008
f 68/407/1004 67/400/1009 487/617/975
f 349/575/927 461/576/928 496/618/1010
f 459/619/1011 447/620/1012 65/33/1013
f 57/417/1014 338/418/1015 480/610/1016
f 471/601/1017 508/583/939 472/621/1018
f 464/606/986 320/368/652 458/580/933
f 490/607/1019 342/380/664 474/581/934
f 741/622/1020 456/425/668 343/426/670
s 0
f 475/593/1021 477/623/1021 745/594/1021
s 1
f 488/624/1022 435/625/945 462/626/947
s 0
f 478/590/1023 447/599/1023 459/627/1023
s 1
f 451/570/1024 444/554/951 448/588/950
f 322/375/1025 453/595/1026 504/628/1027
f 485/629/985 346/392/957 352/427/1028
f 495/597/1029 333/406/661 503/614/1002
f 461/576/928 473/630/1030 496/618/1010
f 501/631/1031 56/567/1032 62/568/1033
s 0
f 476/632/1034 451/633/1034 483/634/1034
s 1
f 66/428/1035 479/635/1036 484/423/1037
f 338/418/958 457/591/960 494/611/1038
f 343/636/1039 444/592/1040 745/594/1041
f 491/589/954 440/555/915 478/590/955
f 467/637/1042 63/604/979 482/35/45
s 0
f 58/31/1043 61/34/1043 528/638/1043
s 1
f 326/409/982 344/413/984 66/639/1044
f 459/619/1045 65/33/1046 466/609/1047
s 0
f 58/31/1048 60/30/1048 482/35/1048
s 1
f 438/557/1049 445/569/1050 62/640/1051
f 341/378/1052 471/601/1053 457/612/1054
f 449/434/678 469/598/925 54/641/1055
s 0
f 469/598/1056 349/642/1056 54/641/1056
s 1
f 516/643/1057 461/576/987 490/607/989
f 465/616/1008 456/425/1007 741/622/1058
f 491/589/1059 462/559/1059 432/549/1059
s 0
f 482/35/1060 60/30/1060 498/644/1060
s 1
f 59/29/1061 58/31/1062 500/645/1063
f 66/428/1044 344/646/984 497/647/1064
f 353/424/666 356/415/1065 507/648/1066
f 473/630/1067 461/576/987 516/643/1057
f 731/649/1068 459/619/1045 466/609/1047
f 470/32/1069 489/650/1070 60/30/1071
f 470/32/1072 59/29/1061 500/645/1063
s 0
f 55/651/1073 476/632/1073 483/634/1073
s 1
f 57/417/1014 480/610/1016 356/415/1074
f 481/615/1005 68/407/1004 487/617/975
f 54/652/1055 349/575/1075 496/618/1076
f 466/609/1077 64/603/1078 517/653/1079
s 0
f 476/632/1080 511/654/1080 445/655/1080
s 1
f 344/413/1081 322/375/1082 504/628/1083
s 0
f 505/656/1084 504/628/1084 453/595/1084
s 1
f 472/621/1018 508/583/939 712/657/1085
f 487/602/975 449/434/678 54/641/1055
f 475/593/962 435/658/964 477/623/1086
s 0
f 64/603/1087 63/604/1087 467/637/1087
f 470/32/1088 500/645/1088 489/650/1088
s 1
f 61/34/1089 65/33/1090 501/659/1091
f 65/33/1013 447/620/1012 501/659/1091
s 0
f 483/634/1092 499/660/1092 55/651/1092
s 1
f 483/634/1093 451/633/1094 448/661/1095
f 479/635/1096 66/428/1097 497/647/1098
f 352/662/1028 460/663/1099 506/664/1100
f 493/665/1101 356/415/1074 480/610/1016
f 474/581/1102 523/666/1103 490/607/1104
f 353/424/666 507/648/1066 460/600/971
s 0
f 330/579/1105 463/578/1105 495/597/1105
f 495/597/1106 503/614/1106 530/667/1106
f 511/654/1107 476/632/1107 55/651/1107
s 1
f 483/634/1093 448/661/1095 514/668/1108
f 352/662/1028 506/664/1100 485/669/985
f 512/670/1109 480/610/998 494/611/1000
f 503/614/1002 348/397/942 468/584/941
f 473/630/1030 515/671/1110 513/672/1111
f 713/673/1112 474/581/1113 465/608/1114
f 64/603/1115 467/637/1115 510/674/1115
f 498/644/1116 492/675/1117 482/35/1118
s 0
f 501/631/1119 447/599/1119 56/567/1119
s 1
f 448/661/1120 484/676/1121 514/668/1122
f 494/611/1123 457/591/1054 471/677/1053
f 458/580/1003 481/615/1005 464/606/1124
f 481/678/1005 487/602/975 54/641/1055
f 496/618/1010 473/630/1030 513/672/1111
f 488/624/1125 462/626/1126 524/679/1127
f 517/653/1128 518/680/1129 466/609/1130
f 501/659/1031 62/681/1033 735/682/1131
s 0
f 493/665/1132 480/610/1132 512/670/1132
s 1
f 488/624/1022 477/683/1133 435/625/945
f 498/644/1134 60/30/1071 489/650/1135
f 516/643/1136 490/607/1104 523/666/1103
f 482/35/1118 492/675/1117 467/637/1137
f 500/645/1138 58/31/1139 728/684/1140
f 453/595/1141 485/605/1142 730/685/1143
f 465/608/1008 741/686/1058 713/673/1144
f 741/622/1145 343/426/1039 745/687/1146
s 0
f 745/687/1147 477/688/1147 521/689/1147
s 1
f 524/679/1127 462/626/1126 491/690/1148
f 731/649/1149 466/609/1130 518/680/1129
f 517/653/1079 64/603/1078 510/674/1150
f 497/647/1151 344/413/1152 504/628/1153
f 526/691/1154 504/628/1153 505/656/1155
f 54/652/1055 496/618/1076 513/672/1156
f 473/630/1157 516/643/1158 515/671/1159
f 519/692/1160 488/624/1125 524/679/1127
f 62/640/1051 445/569/1050 511/693/1161
f 710/694/1162 55/651/1163 499/660/1164
f 497/647/1151 504/628/1153 526/691/1165
s 0
f 471/601/1166 472/621/1166 527/695/1166
s 1
f 468/584/1167 464/606/1168 53/696/1169
f 523/666/1170 474/581/1113 713/673/1112
f 505/656/1171 453/595/1172 730/685/1173
f 507/648/1174 356/415/1065 493/665/1101
f 717/697/1175 493/698/1176 512/699/1177
f 709/700/1178 516/643/1136 523/666/1103
f 517/653/1079 510/674/1150 734/701/1179
f 58/31/1139 528/638/1180 728/684/1140
f 61/34/1181 501/659/1182 729/702/1183
f 501/659/1182 520/703/1184 729/702/1183
f 730/685/1143 485/605/1142 529/704/1185
f 503/614/1186 468/584/1167 53/696/1169
f 523/666/1170 713/673/1112 744/705/1187
s 0
f 533/706/1188 532/707/1188 534/708/1188
f 541/709/1189 543/710/1189 542/711/1189
s 1
f 543/710/1190 541/709/1191 539/712/1192
s 0
f 546/713/1193 540/714/1193 544/715/1193
f 544/715/1194 540/714/1194 542/716/1194
s 1
f 540/717/1195 541/709/1196 542/711/1197
f 546/713/1198 545/718/1199 540/714/1200
f 541/719/1196 540/714/1195 545/718/1201
s 0
f 543/710/1202 539/712/1202 548/720/1202
s 1
f 539/712/1192 541/709/1203 549/721/1204
f 545/718/1199 546/713/1205 551/722/1206
f 544/715/1207 547/723/1208 546/713/1209
f 544/724/1210 542/711/1211 543/710/1212
f 549/721/1213 541/709/1214 545/725/1215
f 548/720/1216 539/712/1217 552/726/1218
f 546/713/1209 547/723/1208 556/727/1219
s 0
f 550/728/1220 545/729/1220 551/730/1220
s 1
f 548/720/1221 538/731/1222 543/710/1212
f 544/715/1210 543/732/1212 554/733/1223
f 549/734/1213 545/729/1215 550/728/1224
f 538/731/1225 548/720/1226 564/735/1227
s 0
f 555/736/1228 539/712/1228 537/737/1228
f 539/712/1229 549/721/1229 537/737/1229
s 1
f 543/732/1212 538/738/1222 554/733/1230
f 561/739/1231 538/731/1225 564/735/1227
f 552/726/1218 539/712/1217 555/736/1232
f 551/722/1233 546/713/1234 556/727/1235
f 547/723/1236 544/715/1210 560/740/1237
f 560/740/1237 544/715/1210 554/733/1223
f 564/735/1238 548/720/1216 552/726/1218
s 0
f 554/733/1239 538/738/1239 559/741/1239
s 1
f 551/722/1233 556/727/1235 565/742/1240
f 563/743/1241 554/733/1242 558/744/1243
s 0
f 558/744/1244 554/733/1244 559/741/1244
s 1
f 556/727/1245 547/723/1246 557/745/1247
f 538/731/1248 561/739/1249 559/746/1250
f 556/727/1251 557/745/1252 565/742/1253
f 560/740/1237 554/733/1223 562/747/1254
f 537/737/1255 549/721/1256 550/748/1257
f 554/733/1242 563/743/1241 562/747/1258
s 0
f 547/723/1259 560/740/1259 557/745/1259
s 1
f 562/747/1260 563/743/1261 567/749/1262
f 564/735/1238 552/726/1218 555/750/1232
s 0
f 567/749/1263 560/740/1263 562/747/1263
s 1
f 561/739/1231 564/735/1227 573/751/1264
f 536/752/1265 537/753/1255 550/728/1257
f 558/744/1266 559/741/1267 535/754/1268
f 566/755/1269 550/728/1270 551/730/1271
f 568/756/1272 565/742/1253 557/745/1252
f 559/741/1250 561/757/1249 535/754/1273
f 557/745/1274 560/740/1275 567/749/1276
f 536/752/1277 550/728/1270 566/755/1269
f 558/744/1266 535/754/1268 572/758/1278
f 551/730/1279 565/759/1280 566/755/1281
f 573/751/1282 564/735/1283 570/760/1284
s 0
f 570/760/1285 555/750/1285 537/761/1285
s 1
f 567/749/1262 563/743/1261 571/762/1286
f 561/739/1231 573/751/1264 569/763/1287
f 564/735/1283 555/750/1288 570/760/1289
f 566/764/1281 565/742/1280 568/756/1290
f 535/765/1273 561/739/1249 569/763/1291
f 568/756/1272 557/745/1252 571/766/1292
s 0
f 558/744/1293 572/758/1293 563/743/1293
f 574/767/1294 537/753/1294 536/752/1294
f 570/768/1295 537/753/1295 574/767/1295
s 1
f 557/745/1274 567/769/1276 571/766/1296
f 575/770/1297 535/765/1273 569/763/1291
s 0
f 536/752/1298 566/771/1298 574/767/1298
s 1
f 571/772/1286 563/743/1261 572/758/1299
f 572/758/1300 535/754/1301 575/773/1302
f 572/758/1300 575/773/1302 576/774/1303
s 0
f 577/775/1304 569/763/1304 573/751/1304
f 574/767/1305 566/771/1305 578/776/1305
f 580/777/1306 572/758/1306 576/774/1306
s 1
f 568/756/1307 571/766/1308 579/778/1309
s 0
f 566/771/1310 568/779/1310 578/776/1310
s 1
f 577/775/1311 573/751/1312 585/780/1313
f 573/751/1312 570/760/1314 585/780/1315
f 579/778/1316 571/766/1317 580/781/1318
f 571/772/1317 572/758/1319 580/777/1318
s 0
f 585/780/1320 570/760/1320 598/782/1320
f 575/770/1321 569/763/1321 576/783/1321
s 1
f 578/784/1322 568/756/1307 579/778/1323
s 0
f 598/782/1324 570/760/1324 582/785/1324
s 1
f 574/786/1325 582/785/1326 570/760/1327
f 574/767/1325 578/776/1328 587/787/1329
f 569/763/1330 577/775/1331 584/788/1332
f 594/789/1333 577/775/1334 585/780/1335
f 582/790/1326 574/767/1325 587/787/1329
s 0
f 588/791/1336 576/783/1336 569/763/1336
s 1
f 586/792/1337 569/763/1330 584/788/1332
s 0
f 583/793/1338 577/775/1338 594/789/1338
f 586/792/1339 589/794/1339 590/795/1339
f 590/796/22 589/797/22 591/798/22
s 1
f 591/798/1340 589/797/1341 592/799/1342
s 0
f 589/794/1343 586/792/1343 592/799/1343
f 586/792/1344 584/788/1344 592/799/1344
f 588/791/1345 569/763/1345 586/792/1345
f 590/795/1346 591/798/1346 586/792/1346
f 586/792/1347 591/798/1347 583/800/1347
s 1
f 591/801/1340 592/802/1342 583/793/1348
f 592/802/1342 584/788/1349 583/793/1348
s 0
f 583/793/1350 584/788/1350 577/775/1350
s 1
f 578/784/1351 579/778/1352 605/803/1353
s 0
f 597/804/1354 598/782/1354 582/785/1354
f 579/778/1355 580/781/1355 605/803/1355
f 596/805/1356 585/806/1356 598/807/1356
s 1
f 578/784/1351 605/803/1353 587/808/1357
f 583/809/1358 594/810/1359 593/811/1360
f 576/774/1361 595/812/1362 580/777/1363
f 586/792/1364 583/800/1365 588/791/1366
f 576/774/1361 588/813/1367 595/812/1362
s 0
f 597/804/1368 582/785/1368 587/814/1368
f 605/815/1369 580/777/1369 595/812/1369
f 534/708/1370 585/806/1370 596/805/1370
s 1
f 594/789/1333 585/780/1335 600/816/1371
s 0
f 585/806/1372 534/708/1372 600/817/1372
f 534/708/1373 532/707/1373 600/817/1373
f 532/707/1374 533/818/1374 600/817/1374
f 600/817/1375 533/818/1375 601/819/1375
f 533/820/1376 534/821/1376 601/819/1376
s 1
f 534/821/1377 596/822/1378 601/819/1379
f 598/807/1380 597/823/1381 602/824/1382
f 601/819/1379 596/822/1378 600/817/1383
f 531/825/1384 583/809/1358 593/811/1360
s 0
f 603/826/1385 595/812/1385 588/813/1385
s 1
f 593/811/1386 594/810/1387 599/827/1388
f 599/828/1388 594/789/1387 600/816/1389
f 588/813/1366 583/829/1365 603/826/1390
s 0
f 596/805/1391 598/807/1391 602/824/1391
f 605/830/1392 597/823/1392 587/831/1392
f 605/830/1393 595/832/1393 606/833/1393
s 1
f 599/827/1388 600/834/1389 620/835/1394
f 596/805/1378 602/824/1395 608/836/1396
f 603/837/1397 583/809/1358 531/825/1384
f 602/824/1395 604/838/1398 608/836/1396
f 607/839/1399 597/823/1381 605/830/1400
f 602/824/1395 607/839/1401 604/838/1398
s 0
f 593/811/1402 599/827/1402 609/840/1402
f 595/832/1403 603/841/1403 606/833/1403
s 1
f 596/805/1378 608/836/1396 600/842/1383
f 602/824/1382 597/823/1381 607/839/1399
f 620/843/1404 600/842/1383 608/836/1396
s 0
f 607/839/1405 605/830/1405 606/833/1405
f 610/844/1406 599/827/1406 620/835/1406
f 608/836/1407 604/838/1407 612/845/1407
s 1
f 614/846/1408 603/837/1409 531/825/1410
f 531/825/1411 593/811/1412 613/847/1413
f 609/840/1414 599/827/1415 617/848/1416
f 615/849/1417 531/825/1411 613/847/1413
f 603/837/1409 614/846/1408 616/850/1418
f 614/846/1408 531/825/1419 615/849/1420
f 613/847/1421 593/811/1421 609/840/1421
f 617/848/1422 599/827/1415 619/851/1423
f 607/839/1401 606/833/1424 604/852/1398
s 0
f 606/833/1425 603/841/1425 618/853/1425
s 1
f 618/853/1426 603/841/1427 616/854/1418
f 619/851/1423 599/827/1415 610/844/1428
s 0
f 612/845/1429 604/838/1429 621/855/1429
f 617/848/1430 619/851/1430 623/856/1430
s 1
f 613/847/1431 609/840/1432 622/857/1433
f 604/858/1434 606/833/1435 618/853/1436
f 604/838/1434 618/859/1436 621/855/1437
f 610/844/1438 620/835/1439 632/860/1440
f 625/861/1441 608/836/1442 612/845/1443
f 622/857/1433 609/840/1432 617/848/1444
f 624/862/1445 618/853/1446 616/854/1447
f 615/849/1448 613/847/1449 622/857/1450
f 617/848/1444 623/856/1451 622/857/1433
f 632/860/1440 620/835/1439 638/863/1452
s 0
f 620/843/1453 608/836/1453 625/861/1453
s 1
f 616/850/1454 614/846/1455 628/864/1456
f 625/861/1457 612/845/1443 627/865/1458
s 0
f 614/846/1459 615/849/1459 633/866/1459
s 1
f 628/864/1456 624/867/1460 616/850/1454
f 628/868/1456 614/846/1455 633/866/1461
f 619/851/1423 610/844/1462 632/860/1463
f 618/853/1446 624/862/1445 51/869/1464
f 615/849/1465 622/857/1466 633/866/1467
f 612/845/1468 621/855/1469 627/865/1470
f 621/855/1469 630/870/1471 627/865/1472
s 0
f 622/857/1473 623/856/1473 636/871/1473
f 623/856/1474 634/872/1474 626/873/1474
f 623/856/1475 619/851/1475 634/872/1475
s 1
f 619/851/1476 632/860/1477 634/872/1478
s 0
f 622/857/1479 637/874/1479 633/866/1479
s 1
f 618/853/1480 51/869/1481 621/875/1482
f 630/870/1483 621/855/1482 51/876/1481
f 622/857/1484 636/871/1485 637/874/1486
f 636/871/1487 639/877/1488 637/874/1489
f 738/878/1490 620/835/1491 625/879/1492
s 0
f 484/676/1493 479/880/1493 715/881/1493
s 1
f 460/600/1099 507/648/1494 506/882/1100
f 330/579/1495 495/597/1496 52/883/1497
f 530/667/1498 503/614/1186 53/696/1499
f 716/884/1500 459/885/1045 731/886/1068
s 0
f 646/887/1501 648/888/1501 647/889/1501
s 1
f 648/888/1502 645/890/1503 647/889/1504
s 0
f 649/891/1505 646/887/1505 647/889/1505
s 1
f 645/890/1503 650/892/1506 647/889/1504
f 651/893/1507 646/887/1508 649/891/1509
f 645/890/1510 648/888/1502 652/894/1511
f 652/894/1512 648/888/1513 646/887/1514
f 649/891/1515 657/895/1516 651/893/1517
f 647/889/1518 650/892/1519 649/891/1520
f 646/887/1508 651/893/1507 653/896/1521
f 651/893/1517 657/895/1516 660/897/1522
f 655/898/1523 650/892/1524 666/899/1525
f 650/892/1524 645/890/1526 666/899/1525
s 0
f 646/887/1527 653/896/1527 663/900/1527
s 1
f 652/894/1528 646/887/1529 663/900/1530
f 657/901/1531 656/902/1532 660/903/1533
f 660/903/1533 656/902/1532 659/904/1534
f 650/892/1519 655/898/1535 667/905/1536
f 656/906/1537 657/895/1538 649/891/1520
f 644/907/1539 656/902/1537 649/908/1520
f 650/892/1519 667/909/1536 643/910/1540
f 656/902/1541 644/907/1542 659/904/1543
f 649/891/1520 650/892/1519 643/910/1540
s 0
f 645/890/1544 652/894/1544 666/899/1544
s 1
f 651/893/1517 660/897/1522 668/911/1545
f 644/907/1542 661/912/1546 659/904/1543
f 651/893/1517 668/911/1545 653/896/1547
f 664/913/1548 644/907/1539 643/914/1540
f 644/907/1539 649/908/1520 643/914/1540
s 0
f 652/894/1549 663/900/1549 662/915/1549
f 644/907/1550 664/913/1550 661/912/1550
s 1
f 655/898/1551 666/899/1552 669/916/1553
f 659/904/1534 670/917/1554 660/903/1533
s 0
f 652/894/1555 662/915/1555 666/899/1555
s 1
f 642/918/1556 661/912/1557 664/913/1558
f 667/905/1559 655/898/1551 669/916/1553
f 665/919/1560 659/904/1543 661/912/1546
s 0
f 670/917/1561 659/904/1561 665/919/1561
s 1
f 681/920/1562 653/896/1563 668/911/1564
f 660/903/1522 670/917/1565 668/921/1545
f 665/919/1566 661/912/1567 680/922/1568
f 666/899/1569 662/915/1570 671/923/1571
f 642/918/1572 664/913/1573 643/914/1574
f 663/900/1575 653/896/1563 672/924/1576
f 672/924/1577 653/896/1563 681/920/1578
s 0
f 673/925/1579 670/917/1579 665/919/1579
f 642/926/1580 674/927/1580 676/928/1580
f 676/929/1581 674/927/1581 677/930/1581
s 1
f 677/930/1582 674/927/1583 678/931/1584
f 678/931/1584 674/927/1583 643/932/1585
f 674/927/1583 642/926/1586 643/932/1585
f 678/933/1587 667/905/1588 669/916/1589
f 675/934/1590 668/921/1545 670/917/1591
f 642/926/1592 676/928/1593 679/935/1594
f 676/928/1593 677/936/1595 679/937/1594
f 677/930/1596 678/931/1596 679/937/1596
s 0
f 679/937/1597 678/931/1597 642/938/1597
f 671/923/1598 662/915/1598 683/939/1598
s 1
f 643/910/1585 667/909/1599 678/940/1584
f 680/922/1600 661/912/1557 642/918/1556
f 669/916/1601 666/899/1569 671/923/1571
f 662/915/1602 663/900/1603 672/924/1604
s 0
f 681/941/1605 668/921/1605 675/934/1605
s 1
f 686/942/1606 642/938/1607 678/931/1608
f 670/917/1609 673/925/1610 685/943/1611
f 685/943/1611 673/925/1610 684/944/1612
f 673/925/1613 665/919/1614 680/922/1568
f 686/942/1615 680/945/1600 642/938/1556
f 662/915/1602 672/946/1604 683/939/1616
f 687/947/1617 669/916/1601 671/923/1571
f 673/925/1613 680/922/1568 688/948/1618
f 672/924/1619 681/920/1620 702/949/1621
s 0
f 684/944/1622 673/925/1622 688/948/1622
s 1
f 678/931/1608 687/950/1623 686/942/1606
f 678/933/1587 669/916/1589 687/947/1624
f 702/949/1621 681/920/1620 675/951/1625
s 0
f 694/952/1626 675/934/1626 670/917/1626
s 1
f 685/943/1627 689/953/1628 690/954/1629
f 689/953/1628 691/955/1630 690/954/1629
s 0
f 689/953/1631 685/943/1631 691/956/1631
s 1
f 685/943/1627 690/954/1629 697/957/1632
f 697/957/1633 690/954/1634 692/958/1635
f 690/954/1634 691/959/1636 692/958/1635
s 0
f 691/956/1637 685/943/1637 692/958/1637
f 692/958/1638 685/943/1638 684/944/1638
f 688/948/1639 680/922/1639 693/960/1639
f 683/961/1640 672/924/1640 702/949/1640
s 1
f 697/957/1633 692/958/1635 684/944/1641
s 0
f 680/922/1642 686/942/1642 693/960/1642
s 1
f 685/962/1627 697/963/1632 695/964/1643
s 0
f 694/952/1644 670/917/1644 685/943/1644
s 1
f 707/965/1645 697/966/1646 641/967/1647
f 697/968/1646 707/969/1645 696/970/1648
s 0
f 707/969/1649 706/971/1649 696/970/1649
f 699/972/1650 698/973/1650 684/974/1650
f 694/952/1651 702/975/1651 675/934/1651
s 1
f 684/974/1652 698/973/1653 700/976/1654
f 698/973/1653 699/977/1655 700/976/1654
f 699/972/1656 684/974/1657 701/978/1658
f 684/944/1657 688/948/1659 701/979/1658
s 0
f 693/960/1660 686/942/1660 733/980/1660
s 1
f 703/981/1661 733/980/1662 686/942/1606
s 0
f 708/982/1663 671/923/1663 683/939/1663
f 684/974/1664 700/976/1664 704/983/1664
s 1
f 700/976/1665 699/984/1665 704/983/1665
f 699/984/1666 701/978/1667 704/983/1668
f 701/978/1667 688/985/1669 704/983/1668
f 686/942/1606 687/950/1623 703/981/1670
s 0
f 703/986/1671 687/947/1671 671/923/1671
s 1
f 694/952/1672 685/943/1673 705/987/1674
f 697/963/1675 696/988/1676 695/964/1677
s 0
f 708/982/1678 683/939/1678 702/989/1678
f 703/986/1679 671/923/1679 708/982/1679
f 688/948/1680 693/960/1680 733/980/1680
s 1
f 684/974/1681 704/983/1682 697/990/1683
s 0
f 638/863/1684 620/835/1684 738/878/1684
s 1
f 518/991/1685 51/869/1686 624/862/1687
f 62/681/1033 511/992/1688 735/682/1131
f 55/651/1163 710/694/1162 511/992/1689
f 623/856/1690 626/873/1691 631/993/1692
s 0
f 641/967/1693 697/966/1693 42/994/1693
s 1
f 464/606/1124 481/615/1005 723/995/1694
f 481/615/1005 54/996/1055 723/995/1694
s 0
f 520/703/1695 501/659/1695 735/682/1695
s 1
f 483/634/1093 514/668/1108 499/660/1696
f 711/997/1697 505/656/1171 730/685/1173
f 515/671/1159 516/643/1158 709/700/1698
s 0
f 521/689/1699 477/688/1699 488/998/1699
f 491/589/1700 478/590/1700 524/999/1700
s 1
f 725/1000/1701 731/886/1702 518/1001/1703
f 732/1002/1704 697/966/1683 704/1003/1682
f 707/1004/1705 626/873/1706 634/872/1707
f 627/865/1708 720/1005/1709 625/861/1710
s 0
f 489/650/1711 500/645/1711 721/1006/1711
s 1
f 514/668/1122 484/676/1121 715/881/1712
f 50/1007/1713 479/635/1714 497/647/1715
s 0
f 485/605/1716 506/1008/1716 529/704/1716
s 1
f 506/882/1100 507/648/1494 717/1009/1717
f 508/1010/1718 330/579/1495 52/883/1497
f 52/883/1497 495/597/1496 530/667/1719
f 518/1001/1685 624/1011/1687 725/1000/1720
f 631/993/1692 636/871/1721 623/856/1722
f 697/966/1723 732/1002/1724 42/994/1725
f 492/675/1117 498/644/1116 489/650/1726
f 729/702/1727 528/638/1728 61/34/1181
s 0
f 526/691/1729 505/656/1729 711/997/1729
s 1
f 717/697/1717 507/1012/1494 493/698/1730
f 494/1013/1123 471/601/1053 527/695/1731
f 54/652/1055 513/672/1156 723/1014/1694
f 515/671/1159 709/700/1698 803/1015/1732
f 519/1016/1733 719/1017/1734 488/1018/1735
f 626/1019/1736 707/965/1737 766/1020/1738
f 518/680/1685 517/653/1739 51/1021/1686
f 714/1022/1740 492/675/1117 489/650/1726
f 500/645/1741 49/1023/1742 721/1006/1743
f 49/1023/1742 48/1024/1744 721/1006/1743
s 0
f 721/1006/1745 48/1024/1745 726/1025/1745
f 726/1025/1746 48/1026/1746 727/1027/1746
f 48/1028/1747 49/1023/1747 727/1027/1747
f 49/1023/1748 500/645/1748 727/1027/1748
f 500/645/1749 722/1029/1749 727/1027/1749
s 1
f 527/1030/1731 512/670/1750 494/611/1123
f 53/696/1751 464/606/1124 723/995/1694
f 640/1031/1752 513/672/1111 515/671/1110
f 478/1032/1753 459/885/1753 716/884/1753
f 725/1000/1720 624/1011/1687 628/1033/1754
f 704/1034/1755 688/948/1756 733/980/1757
f 707/969/1705 634/1035/1707 706/971/1758
s 0
f 720/1005/1759 627/865/1759 630/870/1759
f 726/1025/1760 727/1027/1760 721/1006/1760
f 727/1027/1761 722/1029/1761 721/1006/1761
s 1
f 710/694/1162 735/682/1762 511/992/1689
f 512/699/1177 527/1036/1763 717/697/1764
f 521/1037/1765 488/1018/1735 719/1017/1766
s 0
f 631/1038/1767 626/1019/1767 766/1020/1767
f 708/1039/1768 702/975/1768 694/952/1768
s 1
f 743/1040/1769 694/952/1672 705/987/1674
f 467/637/1770 492/675/1771 714/1022/1772
f 712/1041/1773 508/1010/1718 740/1042/1774
f 723/1014/1694 513/672/1156 640/1031/1775
f 774/1043/1776 741/622/1145 745/687/1146
f 766/1020/1738 707/965/1737 641/967/1777
f 510/674/1778 467/637/1770 714/1022/1772
f 525/1044/1779 500/645/1780 728/684/1140
f 728/684/1781 528/638/1728 729/702/1727
s 0
f 499/660/1782 776/1045/1782 710/694/1782
s 1
f 744/705/1783 713/673/1784 742/1046/1785
s 0
f 478/1032/1786 716/884/1786 524/1047/1786
f 739/1048/1787 46/1049/1787 720/1050/1787
s 1
f 740/1042/1774 508/1010/1718 52/883/1497
s 0
f 796/1051/1788 640/1031/1788 515/671/1788
s 1
f 709/700/1789 523/666/1790 744/705/1791
f 628/1033/1754 633/1052/1792 725/1000/1720
s 0
f 685/962/1793 695/964/1793 753/1053/1793
s 1
f 625/861/1710 720/1005/1709 46/1054/1794
f 51/1021/1686 517/653/1739 630/1055/1795
s 0
f 715/1056/1796 479/635/1796 50/1007/1796
f 637/874/1797 639/877/1797 45/1057/1797
f 733/980/1798 703/981/1798 763/1058/1798
s 1
f 714/1022/1799 489/650/1800 721/1006/1801
f 704/1034/1755 733/980/1802 748/1059/1803
s 0
f 706/971/1804 47/1060/1804 696/970/1804
s 1
f 530/667/1805 53/696/1751 777/1061/1806
f 803/1015/1807 709/700/1789 750/1062/1808
f 750/1062/1808 709/700/1789 744/705/1791
f 731/886/1068 767/1063/1809 716/884/1500
f 763/1058/1810 703/981/1811 708/1064/1812
s 0
f 708/1039/1813 694/952/1813 743/1040/1813
f 705/1065/1814 685/962/1814 753/1053/1814
s 1
f 625/879/1492 46/1049/1815 749/1066/1816
f 526/691/1817 770/1067/1818 497/647/1715
f 52/1068/1497 530/667/1805 777/1061/1806
f 713/673/1784 765/1069/1819 742/1046/1785
f 716/884/1500 767/1063/1809 746/1070/1820
s 0
f 45/1057/1821 633/866/1821 637/874/1821
s 1
f 639/877/1488 636/871/1487 747/1071/1822
f 747/1071/1822 636/871/1487 43/1072/1823
s 0
f 733/980/1824 763/1058/1824 748/1059/1824
f 510/674/1825 714/1022/1825 754/1073/1825
s 1
f 53/696/1751 723/995/1694 777/1061/1806
f 515/671/1826 803/1015/1827 752/1074/1828
f 725/1075/1720 633/866/1792 45/1057/1829
s 0
f 792/1076/1830 743/1077/1830 705/1065/1830
s 1
f 497/647/1715 770/1067/1818 50/1007/1713
s 0
f 773/1078/1831 506/1079/1831 717/697/1831
f 765/1069/1832 713/673/1832 741/686/1832
s 1
f 767/1063/1833 731/886/1702 725/1000/1701
f 636/871/1487 631/993/1834 43/1072/1823
f 43/1072/1835 631/993/1836 737/1080/1837
s 0
f 696/970/1838 47/1060/1838 756/1081/1838
s 1
f 634/872/1478 632/860/1477 779/1082/1839
f 630/1055/1795 517/653/1739 734/701/1840
f 729/702/1727 755/1083/1841 728/684/1781
f 728/684/1781 755/1083/1841 757/1084/1842
f 757/1084/1842 755/1083/1841 758/1085/1843
f 758/1086/1843 755/1083/1841 729/702/1727
f 520/703/1844 735/682/1845 729/702/1846
f 723/1014/1694 640/1031/1775 794/1087/1847
f 752/1074/1848 796/1051/1849 515/671/1826
f 719/1017/1850 519/1016/1851 524/1088/1852
f 706/971/1853 634/1035/1854 759/1089/1855
f 751/1090/1856 714/1022/1857 721/1006/1801
s 0
f 775/1091/1858 722/1029/1858 760/1092/1858
f 500/645/1859 525/1044/1859 722/1029/1859
f 757/1084/1860 758/1085/1860 761/1093/1860
s 1
f 761/1093/1861 758/1094/1862 764/1095/1863
s 0
f 764/1095/1864 758/1094/1864 762/1096/1864
f 758/1086/1865 729/702/1865 762/1096/1865
f 514/668/1866 715/881/1866 783/1097/1866
f 770/1067/1867 526/691/1867 711/997/1867
s 1
f 529/1098/1868 506/1079/1869 773/1078/1870
s 0
f 773/1078/1871 717/697/1871 527/1036/1871
s 1
f 740/1042/1774 52/883/1497 777/1099/1806
s 0
f 799/1100/1872 725/1000/1872 784/1101/1872
s 1
f 784/1101/1873 725/1000/1720 45/1102/1874
s 0
f 732/1002/1875 704/1003/1875 768/1103/1875
s 1
f 763/1104/1810 708/1105/1812 743/1077/1876
f 753/1053/1877 695/964/1677 696/988/1676
f 759/1089/1855 634/1035/1854 779/1106/1878
s 0
f 734/701/1879 510/674/1879 754/1073/1879
s 1
f 757/1084/1880 761/1093/1881 764/1095/1882
s 0
f 762/1096/1883 729/702/1883 764/1095/1883
s 1
f 735/682/1884 710/694/1885 769/1107/1886
s 0
f 715/881/1887 50/1108/1887 783/1097/1887
s 1
f 723/1014/1694 794/1087/1847 777/1109/1806
f 765/1069/1888 741/622/1889 774/1043/1890
s 0
f 704/1034/1891 748/1059/1891 768/1110/1891
s 1
f 779/1082/1839 632/860/1477 638/863/1892
f 730/685/1893 529/704/1894 711/997/1895
f 45/1057/1896 639/877/1897 797/1111/1898
f 47/1060/1899 706/971/1900 759/1089/1855
f 625/879/1492 749/1066/1816 738/878/1490
f 630/870/1795 734/1112/1840 720/1005/1901
f 775/1091/1902 721/1006/1903 722/1029/1904
f 722/1029/1905 798/1113/1906 760/1092/1907
f 757/1084/1908 764/1095/1909 791/1114/1910
f 764/1095/1909 729/702/1911 791/1114/1910
f 711/997/1895 529/704/1894 772/1115/1912
f 774/1043/1913 745/687/1914 521/689/1915
f 786/1116/1916 719/1017/1850 524/1088/1852
f 766/1020/1917 641/967/1918 781/1117/1919
f 739/1048/1920 720/1050/1901 734/1118/1840
s 0
f 722/1029/1921 525/1044/1921 757/1084/1921
s 1
f 525/1044/1922 728/684/1781 757/1084/1842
f 729/702/1923 735/682/1884 769/1107/1886
f 710/694/1885 776/1045/1924 769/1107/1886
f 499/660/1696 514/668/1108 776/1045/1925
f 771/1119/1926 50/1007/1713 770/1067/1818
f 524/1047/1927 716/884/1928 746/1070/1929
f 767/1063/1833 725/1000/1701 799/1100/1930
f 737/1080/1837 631/993/1836 787/1120/1931
f 734/701/1932 754/1073/1933 44/1121/1934
f 721/1006/1903 775/1122/1902 751/1090/1935
f 760/1092/1907 798/1113/1906 790/1123/1936
f 521/1037/1915 719/1017/1937 780/1124/1938
f 780/1124/1939 719/1017/1850 786/1116/1916
f 631/993/1940 766/1125/1941 787/1120/1942
f 753/1126/1877 696/970/1676 756/1081/1943
f 739/1127/1920 734/701/1840 44/1121/1944
f 778/1128/1945 750/1062/1946 744/705/1947
f 747/1071/1948 797/1111/1949 639/877/1950
s 0
f 641/967/1951 42/994/1951 781/1117/1951
s 1
f 42/994/1725 732/1002/1724 768/1103/1952
s 0
f 751/1090/1953 754/1073/1953 714/1022/1953
f 748/1129/1954 763/1130/1954 809/1131/1954
f 756/1081/1955 47/1060/1955 789/1132/1955
s 1
f 789/1132/1956 47/1060/1957 759/1133/1958
f 804/1134/1959 765/1069/1888 774/1043/1890
f 786/1116/1960 524/1088/1927 746/1135/1929
f 805/1136/1961 746/1070/1962 807/1137/1963
f 43/1072/1835 737/1080/1837 835/1138/1964
s 0
f 788/1139/1965 705/1065/1965 753/1053/1965
s 1
f 749/1066/1966 46/1049/1967 739/1048/1968
s 0
f 751/1090/1969 775/1122/1969 754/1073/1969
s 1
f 783/1097/1970 50/1007/1970 771/1119/1970
f 772/1115/1971 529/704/1972 773/1140/1973
f 521/1037/1915 780/1124/1938 774/1141/1913
f 746/1070/1820 767/1063/1809 807/1137/1974
s 0
f 768/1142/1975 748/1129/1975 809/1131/1975
s 1
f 527/695/1976 472/621/1977 818/1143/1978
f 740/1042/1774 777/1099/1806 785/1144/1979
f 744/705/1947 742/1046/1980 778/1128/1945
f 42/994/1725 768/1103/1952 41/1145/1981
f 749/1066/1982 739/1146/1983 782/1147/1984
f 729/702/1923 769/1107/1886 791/1114/1985
f 772/1148/1986 773/1078/1987 818/1149/1988
s 0
f 794/1087/1989 640/1031/1989 796/1051/1989
s 1
f 784/1101/1990 767/1063/1991 799/1100/1992
f 784/1150/1873 45/1057/1874 797/1111/1993
f 747/1071/1948 43/1072/1994 797/1111/1949
f 792/1076/1995 763/1104/1996 743/1077/1997
f 831/1151/1998 770/1067/1999 711/997/2000
f 773/1078/2001 527/1036/1976 818/1149/1978
f 740/1042/1774 785/1144/1979 712/1041/2002
f 767/1063/1991 784/1152/1990 807/1137/2003
s 0
f 705/1065/2004 788/1139/2004 792/1076/2004
s 1
f 776/1045/1925 514/668/1108 802/1153/2005
s 0
f 472/621/2006 712/657/2006 819/1154/2006
f 820/1155/2007 750/1062/2007 778/1128/2007
s 1
f 782/1147/2008 739/1146/1920 44/1156/1944
f 793/1157/2009 757/1084/1908 791/1114/1910
f 791/1114/1985 769/1107/1886 793/1157/2010
f 831/1151/1998 711/997/2011 772/1115/2012
f 742/1046/2013 765/1069/2014 804/1134/2015
f 842/1158/2016 780/1124/1939 786/1116/1916
f 835/1138/2017 737/1080/2018 787/1120/2019
f 787/1159/2020 766/1020/2021 781/1117/1919
f 779/1082/2022 638/863/2023 847/1160/2024
f 638/863/2023 738/1161/2025 847/1160/2024
f 760/1092/2026 810/1162/2027 775/1091/2028
f 760/1092/2026 806/1163/2029 810/1162/2027
s 0
f 760/1092/2030 790/1123/2030 806/1163/2030
s 1
f 790/1123/2031 798/1113/2032 829/1164/2033
f 829/1164/2033 798/1113/2032 800/1165/2034
f 722/1029/2035 757/1084/2036 798/1113/2037
f 798/1113/2037 757/1084/2036 801/1166/2038
f 770/1067/1999 831/1151/1998 771/1119/2039
f 785/1144/1979 777/1099/1806 794/1167/1847
f 838/1168/2040 780/1124/1939 842/1158/2016
f 749/1066/1816 826/1169/2041 738/878/1490
f 806/1163/2042 811/1170/2042 812/1171/2042
f 812/1172/2043 811/1170/2044 813/1173/2045
f 813/1173/2046 811/1170/2047 790/1123/2048
f 811/1170/2047 806/1163/2049 790/1123/2048
f 790/1123/2048 815/1174/2050 814/1175/2051
s 0
f 814/1176/2052 815/1177/2052 816/1178/2052
f 815/1174/2053 790/1123/2053 816/1178/2053
s 1
f 790/1123/2031 844/1179/2054 816/1178/2055
f 790/1123/2031 829/1164/2033 844/1179/2054
f 803/1015/2056 750/1062/2057 820/1155/2058
s 0
f 809/1131/2059 763/1130/2059 825/1180/2059
s 1
f 749/1066/1982 782/1147/1984 826/1169/2060
f 806/1163/2061 812/1171/2062 821/1181/2063
f 821/1181/2063 812/1172/2064 810/1162/2027
f 812/1172/2064 813/1173/2046 810/1162/2027
f 813/1173/2046 790/1123/2048 810/1162/2027
f 790/1123/2048 814/1175/2051 822/1182/2065
s 0
f 814/1176/2066 816/1178/2066 822/1182/2066
s 1
f 822/1182/2067 816/1178/2068 844/1179/2069
f 769/1107/1886 776/1045/2070 793/1157/2010
f 823/1183/2071 831/1151/1998 772/1115/2012
f 818/1143/2072 472/621/2073 819/1154/2074
f 825/1180/2075 763/1130/2076 792/1184/2077
f 738/878/1490 826/1169/2041 830/1185/2078
f 782/1147/2008 44/1156/1944 827/1186/2079
f 806/1163/2061 821/1181/2063 810/1162/2027
f 790/1123/2048 822/1182/2080 810/1162/2027
f 822/1182/2067 844/1179/2069 810/1162/2081
f 712/657/2002 785/1187/2082 819/1154/2083
f 841/1188/2084 742/1046/2013 804/1134/2015
s 0
f 42/994/2085 41/1145/2085 808/1189/2085
s 1
f 753/1053/1877 756/1081/1943 788/1139/2086
f 801/1166/2087 757/1084/1908 793/1157/2009
f 772/1115/1986 818/1190/1988 845/1191/2088
f 825/1192/2075 792/1076/2077 788/1139/2089
f 839/1193/2090 789/1132/1956 759/1133/1958
s 0
f 829/1164/2091 860/1194/2091 844/1179/2091
s 1
f 783/1097/2092 802/1153/2093 514/668/2094
f 752/1074/1828 803/1015/1827 832/1195/2095
f 797/1111/1949 43/1072/1994 828/1196/2096
s 0
f 781/1117/2097 42/994/2097 808/1189/2097
s 1
f 41/1145/1981 768/1103/1952 809/1131/2098
f 738/878/1490 830/1185/2078 847/1197/2099
s 0
f 786/1198/2100 746/1070/2100 805/1136/2100
s 1
f 833/1199/2101 784/1150/1873 797/1111/1993
f 857/1200/2102 835/1138/2017 787/1120/2103
s 0
f 860/1194/2104 829/1164/2104 848/1201/2104
s 1
f 800/1165/2105 798/1113/2106 801/1166/2107
s 0
f 783/1097/2108 771/1119/2108 834/1202/2108
f 824/1203/2109 772/1115/2109 845/1191/2109
f 850/1204/2110 796/1051/2110 752/1074/2110
s 1
f 774/1141/2111 780/1124/2112 838/1168/2113
f 828/1196/2114 43/1072/2115 835/1138/2116
f 788/1139/2086 756/1081/1943 859/1205/2117
f 830/1185/2118 826/1169/2119 782/1147/2120
f 868/1206/2121 800/1165/2105 801/1166/2107
f 793/1157/2010 776/1045/2070 802/1153/2122
f 854/1207/2123 802/1153/2093 783/1097/2092
f 865/1208/2124 831/1151/2124 823/1183/2124
f 823/1183/2125 772/1115/2125 824/1203/2125
s 0
f 785/1209/2126 849/1210/2126 819/1211/2126
s 1
f 840/1212/2127 803/1015/1827 820/1155/2128
f 778/1128/2129 742/1046/2130 846/1213/2131
f 742/1046/2130 841/1188/2132 846/1213/2131
f 804/1134/2133 774/1043/2111 838/1214/2113
s 0
f 836/1215/2134 756/1081/2134 789/1132/2134
s 1
f 754/1216/1933 775/1091/2135 844/1179/2136
f 775/1091/2137 810/1162/2137 844/1179/2137
s 0
f 794/1087/2138 796/1051/2138 785/1217/2138
s 1
f 807/1218/2139 784/1150/2140 851/1219/2141
f 859/1205/2117 756/1081/1943 836/1215/2142
s 0
f 837/1220/2143 800/1165/2143 868/1206/2143
s 1
f 801/1166/2144 793/1157/2010 868/1206/2145
f 819/1154/2074 845/1221/2146 818/1143/2072
f 857/1200/2147 787/1120/2148 808/1222/2149
f 787/1159/2148 781/1117/2150 808/1189/2149
f 830/1185/2118 782/1147/2120 21/1223/2151
f 854/1207/2123 783/1097/2092 834/1202/2152
s 0
f 850/1204/2153 849/1224/2153 785/1225/2153
s 1
f 832/1195/2095 803/1015/1827 840/1212/2127
f 851/1219/2141 784/1150/2140 833/1199/2154
f 41/1145/2155 809/1131/2156 16/1226/2157
f 847/1197/2158 830/1185/2159 21/1223/2160
f 754/1073/1933 844/1227/2136 44/1121/1934
f 37/25/2161 829/1164/2162 39/26/2163
f 778/1128/2164 855/1228/2165 820/1155/2166
f 805/1136/1961 807/1137/1963 851/1229/2167
f 852/1230/2168 833/1199/2101 797/1111/1993
f 825/1231/2169 788/1139/2086 859/1205/2117
s 0
f 858/27/2170 38/13/2170 39/26/2170
s 1
f 829/1164/2162 800/1165/2171 39/26/2163
f 834/1202/2172 771/1119/2173 831/1151/2174
f 845/1191/2146 819/1211/2074 849/1210/2175
f 840/1212/2176 820/1155/2176 855/1228/2176
f 39/26/2163 800/1165/2171 837/1220/2177
f 824/1203/2178 845/1191/2179 862/1232/2180
f 866/1233/2181 778/1128/2164 846/1213/2182
s 0
f 842/1158/2183 786/1116/2183 805/1234/2183
f 808/1189/2184 41/1145/2184 18/1235/2184
s 1
f 848/1201/2185 22/1236/2186 856/1237/2187
s 0
f 785/1225/2188 796/1051/2188 850/1204/2188
s 1
f 752/1074/2189 832/1195/2190 850/1204/2191
f 797/1111/1993 828/1196/2192 852/1230/2168
f 759/1238/2193 779/1082/2194 847/1160/2195
f 860/1194/2196 848/1201/2197 856/1237/2198
s 0
f 37/25/2199 26/14/2199 40/28/2199
s 1
f 31/20/2200 32/15/2201 40/28/2202
f 32/15/2201 858/27/2203 40/28/2202
f 805/1239/1961 851/1219/2167 872/1240/2204
f 828/1196/2114 835/1138/2116 863/1241/2205
f 843/1242/2206 847/1243/2158 21/1244/2160
f 782/1147/2008 827/1186/2079 21/1245/2207
f 21/1246/2207 827/1247/2079 867/1248/2208
f 829/1164/2162 37/25/2161 848/1201/2209
f 868/1206/2145 793/1157/2010 802/1153/2122
f 855/1228/2210 778/1128/2164 866/1233/2181
f 839/1193/2211 759/1133/2193 843/1242/2212
f 860/1194/2213 44/1249/2214 844/1179/2215
f 802/1153/2216 854/1207/2217 881/1250/2218
f 834/1202/2172 831/1151/2174 864/1251/2219
f 861/1252/2220 823/1183/2221 824/1203/2222
f 838/1168/2040 884/1253/2223 17/1254/2224
f 759/1238/2193 847/1160/2195 843/1255/2212
f 848/1201/2209 37/25/2161 22/1236/2225
f 37/25/2161 40/28/2226 22/1236/2225
f 854/1207/2227 834/1202/2152 870/1256/2228
f 831/1151/2174 865/1208/2229 864/1251/2219
s 0
f 823/1183/2230 861/1252/2230 865/1208/2230
s 1
f 862/1232/2231 861/1252/2220 824/1203/2222
f 804/1134/2232 838/1214/2233 841/1188/2234
f 18/1235/2235 41/1145/2236 16/1226/2237
f 877/1257/2238 23/1258/2239 837/1220/2240
f 881/1250/2241 868/1206/2145 802/1153/2122
f 884/1253/2223 838/1168/2040 842/1158/2016
f 851/1219/2167 19/1259/2242 872/1240/2204
s 0
f 835/1138/2243 857/1200/2243 863/1241/2243
s 1
f 875/1260/2244 843/1242/2206 21/1244/2160
f 44/1156/2245 860/1261/2213 827/1186/2246
f 877/1257/2238 837/1220/2240 868/1206/2247
f 841/1262/2234 838/1168/2233 17/1254/2248
f 16/1226/2249 809/1131/2156 874/1263/2250
f 809/1131/2156 825/1180/2169 874/1263/2250
f 858/27/2251 39/26/2163 23/1258/2252
f 39/26/2163 837/1220/2177 23/1258/2252
f 871/1264/2253 845/1191/2253 849/1210/2253
f 846/1213/2254 841/1188/2234 17/1254/2248
f 839/1193/2255 873/1265/2256 789/1132/2257
f 869/1266/2258 856/1237/2187 22/1236/2186
s 0
f 849/1210/2259 20/1267/2259 871/1264/2259
s 1
f 851/1219/2260 833/1199/2261 852/1230/2262
f 836/1215/2263 789/1132/2264 873/1265/2265
f 827/1247/2246 860/1194/2213 856/1237/2266
f 855/1228/2267 866/1233/2268 885/1268/2269
f 19/1259/2270 851/1219/2260 852/1230/2262
f 852/1230/2168 828/1196/2192 863/1241/2271
f 845/1191/2272 871/1264/2273 862/1232/2274
f 850/1204/2191 832/1195/2190 20/1269/2275
f 855/1228/2267 885/1268/2269 879/1270/2276
f 842/1158/2277 805/1234/2278 872/1271/2279
f 839/1193/2280 843/1242/2281 906/1272/2282
f 902/1273/2283 17/1254/2224 884/1253/2223
f 874/1263/2250 825/1180/2169 859/1274/2117
f 827/1247/2246 856/1237/2266 867/1248/2284
f 22/1236/2285 876/1275/2286 895/1276/2287
f 876/1275/2288 22/1236/2289 40/28/2226
f 40/28/2226 858/27/2251 876/1275/2288
f 858/27/2251 23/1258/2252 876/1275/2290
f 849/1224/2291 850/1204/2191 20/1269/2275
f 878/1277/2292 852/1230/2168 863/1241/2271
f 857/1278/2293 808/1189/2294 18/1235/2295
s 0
f 881/1250/2296 854/1207/2296 870/1256/2296
s 1
f 22/1236/2285 895/1276/2287 869/1266/2297
f 884/1253/2298 842/1158/2277 872/1240/2279
s 0
f 906/1272/2299 843/1242/2299 875/1260/2299
s 1
f 875/1260/2300 21/1244/2207 883/1279/2301
f 21/1244/2207 867/1280/2208 883/1279/2301
f 832/1195/2302 840/1212/2303 896/1281/2304
f 893/1282/2305 872/1240/2204 19/1259/2242
f 857/1283/2306 878/1277/2292 863/1241/2271
f 836/1215/2307 873/1265/2308 859/1284/2309
s 0
f 876/1275/2310 23/1258/2310 880/1285/2310
f 23/1258/2311 877/1257/2311 880/1285/2311
s 1
f 870/1256/2228 834/1202/2152 904/1286/2312
f 882/1287/2313 857/1278/2314 18/1235/2315
s 0
f 873/1265/2316 839/1193/2316 906/1272/2316
s 1
f 856/1237/2266 869/1266/2317 867/1248/2284
f 834/1202/2152 864/1251/2318 904/1286/2312
f 904/1286/2312 864/1251/2318 916/1288/2319
f 862/1232/2274 871/1264/2320 888/1289/2321
f 866/1233/2268 846/1213/2322 885/1268/2269
f 867/1290/2284 869/1266/2317 895/1276/2323
f 880/1285/2324 877/1257/2325 901/1291/2326
f 846/1213/2327 17/1254/2328 897/1292/2329
s 0
f 890/1293/2330 889/1294/2330 891/1295/2330
f 889/1294/2331 897/1292/2331 891/1295/2331
f 897/1292/2332 17/1254/2332 891/1295/2332
s 1
f 891/1295/2333 17/1254/2334 902/1273/2283
f 19/1259/2335 852/1230/2336 878/1277/2337
f 871/1296/2338 20/1269/2339 886/1297/2340
s 0
f 897/1292/2341 889/1294/2341 892/1298/2341
f 889/1294/2342 890/1299/2342 892/1298/2342
s 1
f 892/1298/2343 890/1300/2344 902/1273/2345
s 0
f 890/1300/2346 891/1295/2346 902/1273/2346
s 1
f 872/1240/2347 893/1282/2348 884/1253/2349
f 894/1301/2350 878/1302/2351 857/1278/2306
f 877/1257/2325 868/1206/2352 881/1250/2353
f 916/1288/2354 864/1251/2355 865/1208/2356
f 20/1269/2357 832/1195/2358 896/1281/2359
f 897/1292/2360 892/1298/2361 902/1273/2345
s 0
f 907/1303/2362 895/1276/2362 876/1275/2362
s 1
f 879/1270/2363 885/1268/2364 900/1304/2365
f 885/1268/2366 846/1213/2327 897/1292/2329
f 880/1285/2367 901/1291/2368 914/1305/2369
f 19/1259/2242 15/1306/2370 893/1282/2305
f 859/1284/2309 873/1265/2308 898/1307/2371
f 888/1308/2321 871/1296/2320 886/1297/2372
f 902/1273/2373 884/1253/2349 893/1282/2348
f 883/1279/2374 867/1280/2284 895/1276/2323
f 881/1250/2353 870/1256/2375 904/1286/2376
f 865/1208/2356 861/1252/2377 899/1309/2378
f 20/1269/2339 896/1281/2379 886/1297/2340
s 0
f 905/1310/2380 885/1268/2380 897/1292/2380
s 1
f 19/1259/2335 878/1277/2337 15/1306/2381
s 0
f 876/1275/2382 880/1285/2382 907/1303/2382
s 1
f 904/1286/2376 877/1257/2325 881/1250/2353
f 916/1288/2354 865/1208/2356 899/1309/2378
s 0
f 911/1311/2383 14/1312/2383 903/1313/2383
s 1
f 899/1309/2378 861/1252/2377 903/1313/2384
s 0
f 862/1232/2385 888/1314/2385 861/1252/2385
s 1
f 900/1304/2365 885/1268/2364 905/1310/2386
f 908/1315/2387 18/1235/2388 16/1226/2389
s 0
f 896/1316/2390 840/1212/2390 855/1228/2390
s 1
f 874/1263/2391 859/1274/2392 908/1317/2393
f 875/1260/2300 883/1279/2301 910/1318/2394
s 0
f 915/1319/2395 879/1270/2395 900/1304/2395
s 1
f 857/1278/2306 882/1287/2396 894/1301/2350
f 882/1287/2397 18/1235/2388 908/1315/2398
s 0
f 908/1315/2399 16/1226/2399 874/1320/2399
s 1
f 898/1307/2400 908/1321/2393 859/1284/2392
s 0
f 898/1307/2401 873/1265/2401 906/1272/2401
s 1
f 895/1276/2402 907/1303/2403 912/1322/2404
f 880/1285/2405 914/1305/2406 919/1323/2407
f 877/1257/2325 904/1286/2376 901/1291/2408
f 878/1302/2409 894/1301/2410 15/1324/2411
f 12/1325/2412 894/1301/2350 882/1287/2396
s 0
f 899/1309/2413 903/1313/2413 14/1312/2413
s 1
f 897/1292/2360 902/1273/2345 909/1326/2414
f 906/1327/2415 875/1260/2416 910/1318/2417
f 912/1328/2418 907/1303/2419 880/1285/2420
f 901/1291/2408 904/1286/2376 916/1288/2421
f 915/1319/2422 900/1304/2423 13/1329/2424
f 906/1327/2415 910/1318/2417 913/1330/2425
f 920/1331/2426 893/1282/2305 15/1306/2370
f 895/1276/2323 918/1332/2427 883/1279/2374
s 0
f 911/1311/2428 903/1313/2428 917/1333/2428
s 1
f 905/1310/2429 897/1292/2360 909/1326/2414
f 898/1334/2430 906/1327/2415 913/1330/2425
f 918/1332/2431 895/1276/2402 912/1322/2404
f 13/1329/2424 900/1304/2432 936/1335/2433
f 882/1287/2396 908/1336/2434 12/1325/2412
f 917/1333/2435 903/1313/2384 861/1252/2377
f 908/1337/2434 898/1334/2430 913/1330/2425
f 916/1288/2436 899/1309/2437 922/1338/2438
s 0
f 923/1339/2439 911/1311/2439 917/1333/2439
f 899/1309/2440 14/1312/2440 922/1338/2440
s 1
f 909/1326/2441 902/1273/2442 893/1282/2443
f 917/1333/2435 861/1252/2377 888/1340/2444
f 918/1332/2431 912/1322/2404 933/1341/2445
s 0
f 886/1297/2446 896/1281/2446 855/1342/2446
s 1
f 924/1343/2447 915/1344/2448 13/1345/2449
f 12/1325/2412 908/1336/2434 913/1346/2425
f 916/1288/2436 922/1338/2450 901/1291/2368
f 893/1282/2443 920/1331/2451 909/1347/2441
f 888/1308/2444 886/1297/2452 917/1348/2435
f 917/1348/2435 886/1297/2452 921/1349/2453
f 920/1350/2426 15/1351/2370 11/1352/2454
f 914/1305/2369 901/1291/2368 922/1338/2450
f 879/1270/2276 927/1353/2455 855/1228/2267
f 11/1352/2456 894/1301/2410 12/1325/2457
f 912/1328/2458 880/1285/2420 919/1323/2459
s 0
f 927/1353/2460 879/1270/2460 915/1319/2460
s 1
f 929/1354/2461 911/1311/2461 923/1339/2461
f 927/1355/2462 921/1349/2453 886/1297/2452
f 936/1356/2463 925/1357/2464 13/1345/2465
f 936/1358/2466 900/1304/2365 905/1310/2467
f 15/1351/2411 894/1359/2410 11/1352/2456
s 0
f 929/1354/2468 14/1312/2468 911/1311/2468
s 1
f 910/1318/2469 883/1279/2470 918/1332/2471
f 914/1305/2406 930/1360/2472 919/1323/2407
f 928/1361/2473 914/1305/2369 922/1338/2450
f 926/1362/2474 910/1318/2469 918/1332/2471
f 926/1362/2475 918/1332/2431 933/1341/2445
f 886/1363/2452 855/1228/2476 927/1353/2462
f 927/1364/2477 915/1344/2478 924/1343/2479
f 910/1318/2469 926/1362/2474 913/1330/2480
f 938/1365/2481 926/1362/2475 933/1341/2445
f 912/1322/2458 919/1366/2459 933/1341/2482
s 0
f 923/1339/2483 917/1333/2483 934/1367/2483
s 1
f 967/1368/2484 921/1369/2485 927/1364/2486
f 11/1352/2456 12/1325/2457 931/1370/2487
f 930/1360/2472 914/1305/2406 928/1361/2488
s 0
f 934/1367/2489 929/1354/2489 923/1339/2489
s 1
f 931/1371/2490 913/1330/2491 926/1362/2492
f 920/1350/2426 11/1352/2454 932/1372/2493
f 11/1352/2454 931/1370/2494 932/1372/2493
f 933/1373/2482 919/1323/2459 930/1360/2495
f 924/1343/2447 13/1345/2449 956/1374/2496
f 956/1374/2497 13/1345/2498 925/1357/2499
f 936/1358/2466 905/1310/2467 10/1375/2500
f 12/1325/2501 913/1346/2491 931/1370/2490
f 930/1360/2472 928/1361/2488 935/1376/2502
f 909/1326/2414 937/1377/2503 905/1310/2429
f 928/1361/2504 922/1338/2505 14/1312/2506
f 927/1364/2477 924/1343/2479 942/1378/2507
f 10/1375/2508 905/1310/2429 937/1377/2503
f 928/1361/2504 14/1312/2506 935/1376/2509
f 935/1376/2509 14/1312/2506 929/1354/2510
f 9/1379/2511 934/1367/2512 917/1333/2513
f 937/1377/2514 909/1326/2515 920/1380/2516
f 938/1365/2517 933/1341/2482 930/1381/2495
f 930/1360/2472 935/1376/2502 944/1382/2518
f 936/1358/2463 10/1375/2519 937/1377/2520
f 937/1383/2514 920/1350/2516 932/1372/2521
f 940/1384/2522 932/1372/2523 931/1370/2524
s 0
f 941/1385/2525 929/1354/2525 934/1367/2525
s 1
f 935/1376/2509 929/1354/2510 943/1386/2526
f 934/1387/2512 9/1388/2511 953/1389/2527
f 967/1368/2484 927/1364/2486 942/1378/2528
s 0
f 939/1390/2529 935/1376/2529 943/1386/2529
s 1
f 9/1379/2530 917/1333/2531 921/1391/2532
f 935/1376/2502 939/1390/2533 944/1382/2518
f 947/1392/2534 946/1393/2535 945/1394/2536
f 947/1392/2534 945/1394/2536 948/1395/2537
f 945/1394/2536 929/1354/2538 948/1395/2539
s 0
f 948/1395/2540 929/1354/2540 941/1385/2540
s 1
f 929/1354/2538 945/1394/2536 943/1386/2541
f 945/1394/2536 946/1396/2542 943/1386/2541
f 946/1396/2543 947/1397/2544 943/1386/2545
f 947/1397/2544 948/1395/2546 943/1386/2545
s 0
f 948/1395/2547 941/1385/2547 943/1386/2547
s 1
f 943/1386/2548 941/1385/2549 8/1398/2550
f 8/1398/2551 941/1385/2552 934/1367/2553
f 9/1388/2530 921/1369/2532 950/1399/2554
f 925/1357/2464 936/1356/2463 968/1400/2555
f 931/1371/2556 926/1362/2475 938/1365/2481
f 944/1382/2557 939/1390/2558 8/1398/2550
f 968/1400/2555 936/1356/2463 937/1401/2520
f 940/1384/2559 931/1370/2556 938/1402/2481
s 0
f 940/1384/2560 951/1403/2560 932/1372/2560
s 1
f 8/1398/2550 939/1390/2558 943/1386/2548
f 930/1360/2561 944/1382/2562 938/1404/2563
s 0
f 937/1383/2564 932/1372/2564 968/1405/2564
s 1
f 952/1406/2565 944/1407/2566 8/1408/2567
f 940/1384/2568 938/1402/2563 951/1403/2569
f 951/1409/2569 938/1404/2563 944/1382/2562
f 954/1410/2570 953/1389/2527 9/1388/2511
f 950/1399/2571 921/1369/2572 967/1368/2573
f 968/1400/2555 956/1374/2574 925/1357/2464
f 949/1411/2575 932/1412/2576 951/1413/2577
f 9/1388/2530 950/1399/2554 954/1410/2578
f 8/1414/2551 934/1387/2553 953/1389/2579
f 924/1343/2447 956/1374/2496 955/1415/2580
s 0
f 968/1416/2581 932/1412/2581 949/1411/2581
f 951/1417/2582 944/1407/2582 952/1406/2582
s 1
f 952/1406/2565 8/1408/2567 966/1418/2583
f 953/1389/2527 954/1410/2570 486/1419/2584
s 0
f 957/1420/2585 951/1417/2585 952/1406/2585
s 1
f 509/1421/2586 553/1422/2587 949/1411/2575
f 942/1378/2507 924/1343/2479 629/1423/2588
f 960/1424/2589 959/1425/2590 961/1426/2591
f 961/1426/2591 959/1425/2590 965/1427/2592
f 959/1425/2593 960/1424/2594 962/1428/2595
s 0
f 961/1426/2596 963/1429/2596 960/1424/2596
s 1
f 962/1428/2597 960/1424/2598 964/1430/2599
s 0
f 961/1426/2600 965/1427/2600 887/1431/2600
s 1
f 964/1430/2599 960/1424/2598 963/1429/2601
s 0
f 963/1429/2602 961/1426/2602 887/1431/2602
s 1
f 959/1425/2593 962/1428/2595 958/1432/2603
f 442/1433/2604 887/1431/2605 965/1427/2606
s 0
f 965/1427/2607 959/1425/2607 635/1434/2607
s 1
f 949/1411/2575 951/1413/2577 957/1435/2608
f 8/1408/2551 953/1436/2579 966/1418/2609
f 629/1423/2588 924/1343/2479 955/1415/2610
f 887/1431/2611 442/1433/2612 718/1437/2613
f 509/1421/2586 949/1411/2575 957/1435/2614
f 950/1399/2571 967/1368/2573 658/1438/2615
f 958/1439/2616 553/1422/2617 509/1421/2618
s 0
f 962/1428/2619 964/1430/2619 2/1440/2619
f 964/1430/2620 963/1429/2620 736/1441/2620
s 1
f 967/1368/2484 942/1378/2528 611/1442/2621
f 611/1442/2621 942/1378/2528 629/1423/2622
s 0
f 964/1430/2623 736/1441/2623 2/1440/2623
f 442/1433/2624 965/1427/2624 635/1434/2624
s 1
f 952/1406/2625 966/1418/2625 957/1420/2625
s 0
f 956/1374/2626 968/1400/2626 817/1443/2626
s 1
f 959/1425/2627 958/1432/2616 635/1434/2628
f 553/1422/2629 958/1439/2630 455/1444/2631
f 958/1432/2616 509/1445/2618 635/1434/2628
s 0
f 736/1441/2632 963/1429/2632 887/1431/2632
s 1
f 955/1415/2633 956/1374/2634 817/1443/2635
f 455/1444/2636 958/1439/2630 962/1446/2637
s 0
f 4/7/2638 3/6/2638 682/1447/2638
s 1
f 966/1448/2609 953/1389/2639 486/1419/2640
f 954/1449/2641 950/1399/2571 658/1438/2615
s 0
f 817/1443/2642 968/1400/2642 949/1411/2642
f 795/1/2643 2/1450/2643 724/2/2643
s 1
f 658/1438/2644 967/1368/2484 611/1442/2621
f 724/1451/2645 2/10/8 853/9/7
s 0
f 682/1447/2646 3/6/2646 2/10/2646
f 736/1441/2647 887/1431/2647 522/1452/2647
s 1
f 1/3/2648 724/2/2649 450/1453/2650
s 0
f 957/1420/2651 966/1418/2651 486/1454/2651
s 1
f 853/9/2652 3/6/2652 7/8/2652
f 7/8/2653 4/7/2654 249/1455/2655
s 0
f 853/9/2656 7/8/2656 446/1456/2656
f 522/1452/2657 887/1431/2657 718/1437/2657
s 1
f 795/1/1 1/3/3 405/1457/2658
f 581/5/2659 1/3/2660 450/1453/2661
f 249/1455/2662 4/7/2663 316/1458/2664
f 4/7/2665 682/1447/2665 316/1458/2665
f 955/1415/2633 817/1443/2635 654/1459/2666
f 450/1453/2667 724/2/2668 502/1460/2669
s 0
f 2/1440/2670 736/1441/2670 522/1452/2670
f 635/1461/2671 509/1462/2671 429/1463/2671
f 455/1464/2672 962/1428/2672 2/1440/2672
s 1
f 957/1465/2673 486/1419/2674 355/1466/2675
s 0
f 486/1419/2676 954/1410/2676 298/1467/2676
s 1
f 629/1423/2677 955/1415/2678 654/1459/2679
f 455/1468/2680 2/1450/2681 795/1/2682
s 0
f 682/1469/2683 2/1440/2683 522/1452/2683
f 405/1457/2684 1/3/2684 454/4/2684
s 1
f 446/1470/2685 502/1460/2669 724/2/2668
s 0
f 724/1451/2686 853/9/2686 446/1456/2686
s 1
f 355/1466/2675 509/1471/2687 957/1465/2673
s 0
f 654/1459/2688 817/1443/2688 949/1411/2688
s 1
f 455/1468/2689 795/1/2682 405/1457/2690
s 0
f 522/1452/2691 718/1437/2691 411/1472/2691
f 402/1473/2692 452/1474/2692 581/5/2692
f 406/1475/2693 658/1438/2693 611/1442/2693
s 1
f 426/1476/2694 654/1459/2695 949/1411/2696
f 411/1472/2697 718/1437/2698 442/1433/2699
f 406/1475/2700 954/1449/2701 658/1438/2702
s 0
f 402/1473/2703 581/5/2703 450/1453/2703
f 7/8/2704 227/1477/2704 446/1456/2704
s 1
f 954/1410/2701 406/1478/2700 298/1467/2705
f 654/1459/2679 611/1442/2706 629/1423/2677
f 426/1476/2707 949/1411/2708 553/1422/2709
f 7/8/2653 304/1479/2710 227/1477/2711
s 0
f 452/1474/2712 454/4/2712 581/5/2712
s 1
f 7/8/2653 249/1455/2655 304/1479/2710
s 0
f 450/1453/2713 502/1460/2713 321/1480/2713
s 1
f 406/1475/2714 611/1442/2715 441/1481/2716
s 0
f 682/1469/2717 522/1452/2717 411/1472/2717
f 442/1482/2718 635/1461/2718 429/1463/2718
f 316/1458/2719 682/1447/2719 411/1483/2719
f 509/1471/2720 355/1466/2720 429/1484/2720
s 1
f 455/1444/2721 324/1485/2722 553/1422/2723
s 0
f 176/1486/2724 454/4/2724 452/1474/2724
f 402/1473/2725 450/1453/2725 118/1487/2725
s 1
f 355/1466/2675 486/1419/2674 298/1467/2726
f 426/1488/2707 553/1422/2709 324/1485/2727
f 275/1489/2728 411/1472/2697 442/1433/2699
f 441/1481/2716 611/1442/2706 654/1459/2679
f 441/1481/2729 654/1459/2695 426/1476/2694
s 0
f 441/1481/2730 426/1476/2730 204/1490/2730
f 118/1487/2731 450/1453/2731 321/1480/2731
s 1
f 321/1480/2732 502/1460/2733 446/1470/2734
s 0
f 446/1456/2735 227/1477/2735 140/1491/2735
s 1
f 429/1484/2736 355/1466/2737 275/1492/2738
s 0
f 405/1493/2739 454/4/2739 176/1486/2739
s 1
f 321/1494/2732 446/1456/2734 140/1491/2740
f 442/1433/2741 429/1495/2736 275/1489/2738
s 0
f 298/1496/2742 406/1475/2742 441/1481/2742
s 1
f 455/1444/2721 405/1497/2743 324/1485/2722
f 324/1498/2722 405/1493/2743 176/1486/2744
f 272/1499/2745 355/1500/2746 298/1501/2747
s 0
f 426/1476/2748 113/1502/2748 204/1490/2748
s 1
f 426/1476/2749 324/1503/2750 113/1502/2751
s 0
f 304/1479/2752 249/1455/2752 93/1504/2752
s 1
f 225/1505/2753 316/1506/2754 411/1472/2697
f 113/1502/2751 324/1503/2750 176/1507/2755
f 142/1508/2756 452/1474/2756 402/1473/2756
f 5/1509/2757 402/1473/2758 118/1487/2759
f 225/1505/2753 411/1472/2697 275/1489/2728
s 0
f 275/1510/2760 355/1500/2760 272/1499/2760
f 298/1496/2761 441/1481/2761 204/1490/2761
s 1
f 176/1486/2762 452/1474/2762 142/1508/2762
s 0
f 227/1477/2763 304/1479/2763 93/1504/2763
s 1
f 249/1511/2764 316/1506/2765 225/1505/2766
f 272/1499/2745 298/1501/2747 206/1512/2767
s 0
f 298/1501/2768 204/1513/2768 206/1512/2768
f 152/1514/2769 227/1477/2769 93/1504/2769
s 1
f 142/1508/2770 402/1473/2758 5/1509/2757
s 0
f 321/1494/2771 140/1491/2771 152/1514/2771
s 1
f 272/1499/2772 206/1512/2773 134/1515/2774
s 0
f 140/1491/2775 227/1477/2775 152/1514/2775
s 1
f 249/1455/2764 225/1516/2766 93/1504/2776
f 275/1510/2777 272/1499/2778 134/1515/2779
f 206/1517/2780 204/1490/2781 6/1518/2782
f 225/1505/2783 275/1489/2777 134/1519/2779
f 118/1520/2759 321/1494/2784 152/1514/2785
f 134/1521/2786 206/1517/2780 6/1518/2782
f 6/1518/2787 204/1490/2788 113/1502/2789
s 0
f 113/1522/2790 176/1486/2790 142/1508/2790
s 1
f 93/1523/2791 225/1505/2792 134/1519/2793
f 118/1487/2759 152/1524/2785 5/1509/2757
f 93/1525/2791 134/1521/2793 6/1518/2794
s 0
f 113/1502/2795 142/1526/2795 6/1518/2795
s 1
f 93/1504/2796 6/1527/2797 152/1514/2798
f 142/1508/2799 5/1509/2800 6/1528/2797
f 6/1528/2797 5/1509/2800 152/1524/2798
